Stock,ReturnYear,prop4,prop5,prop6
Alagnak,1948,NA,NA,NA
Alagnak,1949,NA,NA,NA
Alagnak,1950,NA,NA,NA
Alagnak,1951,NA,NA,NA
Alagnak,1952,NA,NA,NA
Alagnak,1953,NA,NA,NA
Alagnak,1954,NA,NA,NA
Alagnak,1955,NA,NA,NA
Alagnak,1956,NA,NA,NA
Alagnak,1957,NA,NA,NA
Alagnak,1958,NA,NA,NA
Alagnak,1959,NA,NA,NA
Alagnak,1960,0,NA,NA
Alagnak,1961,0,0,NA
Alagnak,1962,0.795370303782874,0.9999999998840756,1
Alagnak,1963,0.6193399626873365,0.2046296962169717,1.1592442183260256e-10
Alagnak,1964,0.6322906554652795,0.05104716877599571,1.5442124207941957e-13
Alagnak,1965,0.811620338819871,0.09690628825624122,0.0013004868928143457
Alagnak,1966,0.4224486244641084,1.0927369567527618e-14,2.3953845119750145e-15
Alagnak,1967,0.4402239721671591,0.09275279927835389,5.4922088254279235e-15
Alagnak,1968,0.5314858365256417,0.0019746050925064226,8.554406390994218e-15
Alagnak,1969,0.4519640174193322,0.19119542143747817,1.097481975683532e-14
Alagnak,1970,0.4288755286507183,0.08866112520349964,4.342603878053006e-15
Alagnak,1971,0.286022821393335,0.0155807598943462,6.240726192735613e-15
Alagnak,1972,0.21344795728284766,0.02314085934080771,7.891208123864742e-16
Alagnak,1973,0.9062132907104425,0.020201261841566127,0
Alagnak,1974,0.4587372253877917,0.08627462222173916,1.9897501885810813e-14
Alagnak,1975,0.2658239036163006,0.005513392278228252,1.1400473317405724e-14
Alagnak,1976,0.22205608052061282,0.6384652395570136,4.402212826939679e-14
Alagnak,1977,0.7025868518611497,0.19983921747702024,0.0031158135795956387
Alagnak,1978,0.6771536731409658,0.13430379903155681,6.118232658372762e-14
Alagnak,1979,0.5179390422626642,8.151045254349173e-4,0.16310934910723704
Alagnak,1980,0.4580605325335098,0.482060957737202,0.00578463599998028
Alagnak,1981,0.6873469014033707,0.27457624282342014,2.241414673350738e-14
Alagnak,1982,0.7074763103897722,0.1446615622247697,0.04323496219288786
Alagnak,1983,0.5353274685774624,0.026715006948523853,0.001753080420526418
Alagnak,1984,0.9927855829214614,0.0067219884557348526,0.00760107652094328
Alagnak,1985,0.8525291779301456,1.241697890379916e-13,6.254957793757609e-5
Alagnak,1986,0.9922340770418929,1.0993601753182942e-13,8.230961260638276e-15
Alagnak,1987,0.9506376026154283,4.493918438850635e-14,8.793553262054303e-15
Alagnak,1988,0.5075075100701766,0.0027313830525144997,5.013729991602137e-14
Alagnak,1989,0.4813891415336385,0.3230469519211811,0.004573512931262901
Alagnak,1990,0.471025498908264,0.4375960593860899,0.002985119544432206
Alagnak,1991,0.5121071774927987,0.5246447377139077,5.258452259592285e-4
Alagnak,1992,0.9844299037191704,0.4878928225070094,0.004329763377640578
Alagnak,1993,0.7349898411944109,0.015570096280776604,3.2125713723555673e-14
Alagnak,1994,0.914846019342661,0.004430645408047343,2.105586484972764e-14
Alagnak,1995,0.6819264428572152,0.0032832647527168183,6.41389241924374e-4
Alagnak,1996,0.8091282726775567,0.0163736411773814,0.001238803770522167
Alagnak,1997,0.7856624750118556,1.9298379492119646e-13,2.9568501694196957e-15
Alagnak,1998,0.44104409081371876,0.20642732404048694,3.780196861748238e-14
Alagnak,1999,0.4783366040331122,0.17842108390189643,3.56274260143456e-15
Alagnak,2000,0.8222145760830262,0.0011282609959677357,4.248498449721647e-5
Alagnak,2001,0.511253811406765,0.14915391183250065,1.3865869335163982e-5
Alagnak,2002,0.9689523704258906,0.4757486230216773,3.3069694888783096e-5
Alagnak,2003,0.49892381788598694,0.020377938920614798,0.00729562717384616
Alagnak,2004,0.41452959638469916,0.2829040482114135,1.958369527744864e-15
Alagnak,2005,0.8372604069949798,0.01510960390902097,0.0028589294450959294
Alagnak,2006,0.5108511253795309,0.06245611205593638,6.728473864972609e-16
Alagnak,2007,0.5674428957236252,0.011437946161931329,5.926822714969294e-15
Alagnak,2008,0.5916736447139588,0.020635848401561626,8.815562736609603e-16
Alagnak,2009,0.6981025251166311,0.06530614785824146,4.663783494842712e-16
Alagnak,2010,0.6691502303190399,0.04059883507738492,2.0417390740884236e-15
Alagnak,2011,0.7154845241730151,0.05694633758620266,1.3543224497397736e-4
Alagnak,2012,0.6974592697849628,0.057236924711864146,3.535370947088933e-5
Alagnak,2013,0.576918254251638,0.03864153884733658,4.551223445107771e-5
Alagnak,2014,0.7668500738694508,0.09482728482297326,0
Alagnak,2015,0.49160510244404076,0.11993431614748976,6.3454555713358046e-15
Alagnak,2016,0.578781745792943,0.007804029837017829,3.912657518135422e-8
Alagnak,2017,0.31527393798553427,0.009836546788444473,3.263519516005344e-5
Alagnak,2018,0.26738891440576695,0.002540431600296682,6.901522144739348e-9
Alagnak,2019,0.5785023982024405,4.674907569051056e-4,0
Alagnak,2020,0.6025971464150731,0.1574754533505301,4.5473963083365183e-7
Alagnak,2021,0.5128933730178792,0.034281447342054606,0.0011880572083517787
Alagnak,2022,0.5230433501664058,0.13006644979887313,3.1524803569811306e-11
Alagnak,2023,0,0,0
Alagnak,2024,0,0,0
Alagnak,2025,0,0,0
Bonneville,1948,NA,NA,NA
Bonneville,1949,NA,NA,NA
Bonneville,1950,NA,NA,NA
Bonneville,1951,NA,NA,NA
Bonneville,1952,NA,NA,NA
Bonneville,1953,NA,NA,NA
Bonneville,1954,NA,NA,NA
Bonneville,1955,NA,NA,NA
Bonneville,1956,NA,NA,NA
Bonneville,1957,NA,NA,NA
Bonneville,1958,NA,NA,NA
Bonneville,1959,NA,NA,NA
Bonneville,1960,NA,NA,NA
Bonneville,1961,NA,NA,NA
Bonneville,1962,NA,NA,NA
Bonneville,1963,NA,NA,NA
Bonneville,1964,NA,NA,NA
Bonneville,1965,NA,NA,NA
Bonneville,1966,NA,NA,NA
Bonneville,1967,NA,NA,NA
Bonneville,1968,NA,NA,NA
Bonneville,1969,NA,NA,NA
Bonneville,1970,NA,NA,NA
Bonneville,1971,NA,NA,NA
Bonneville,1972,NA,NA,NA
Bonneville,1973,NA,NA,NA
Bonneville,1974,NA,NA,NA
Bonneville,1975,NA,NA,NA
Bonneville,1976,NA,NA,NA
Bonneville,1977,NA,NA,NA
Bonneville,1978,NA,NA,NA
Bonneville,1979,NA,NA,NA
Bonneville,1980,NA,NA,NA
Bonneville,1981,NA,NA,NA
Bonneville,1982,NA,NA,NA
Bonneville,1983,NA,NA,NA
Bonneville,1984,NA,NA,NA
Bonneville,1985,NA,NA,NA
Bonneville,1986,NA,NA,NA
Bonneville,1987,NA,NA,NA
Bonneville,1987,NA,NA,NA
Bonneville,1988,0.08341349044126488,NA,NA
Bonneville,1989,NA,0,NA
Bonneville,1990,0.19725409906577432,NA,0
Bonneville,1991,0.13176856735018336,0.0027183731053111505,NA
Bonneville,1992,0.2338765320587608,0,0
Bonneville,1993,0.16380565835024471,0,0
Bonneville,1994,0.2557834654403905,0.005013728064939716,0
Bonneville,1995,0.183313502700017,0.0031665355680603456,0
Bonneville,1996,0.2457172439759036,9.93710856291105e-4,0
Bonneville,1997,0.17065991493819924,0,0
Bonneville,1998,0.7956141042833478,0.012272846327500406,0
Bonneville,1999,0.06436097114063216,0.008361599747574347,0
Bonneville,2000,0.10600998908477491,0.010879523591387998,0
Bonneville,2001,0.09947031419515412,0,0
Bonneville,2002,0.6538316060216355,0.0072539300984917785,0
Bonneville,2003,0.07378608189751622,0.005295408124669037,0
Bonneville,2004,0.010942418467204866,0.007272320429626314,0
Bonneville,2005,0.18448848904588722,0.0012634103513993876,0
Bonneville,2006,0.5536021712271889,0,0
Bonneville,2007,0.20273128849623592,0.039150952949992913,0
Bonneville,2008,0.009109747673804396,0.03574317177875941,0
Bonneville,2009,0.08175363617563934,0.0019097151680143025,0.0010887824301623842
Bonneville,2010,0.33306886268501545,0.0036809815950920245,0
Bonneville,2011,0.21844361488288142,0.002845339388799212,0
Bonneville,2012,0.03562600651660987,0.025023587808179842,0
Bonneville,2013,0.09588186005184932,0.0013014493839182053,0
Bonneville,2014,0.054811602901760306,7.085697575679187e-4,0
Bonneville,2015,0.15228530215935757,0,0
Bonneville,2016,0.02227559035261117,9.903334840362548e-4,0
Bonneville,2017,0.1939236466745011,5.548043926540795e-4,0
Bonneville,2018,0.013178632834887719,0,0
Bonneville,2019,0.05908487466370084,0,0
Bonneville,2020,0.11226050955042073,0,0
Bonneville,2021,0.3723287796200424,0,0
Bonneville,2022,0.025995798449772848,0,0
Bonneville,2023,0.05807475597174827,4.035971893077791e-4,0
Bonneville,2024,0.0037250541347223034,6.507420046028093e-4,0
Bonneville,2025,0.14385398477909928,0,0
Chilko,1948,NA,NA,NA
Chilko,1949,NA,NA,NA
Chilko,1950,NA,NA,NA
Chilko,1951,NA,NA,NA
Chilko,1952,0.846135782416901,NA,NA
Chilko,1953,0.9005938793639371,0.13672482107195127,NA
Chilko,1954,0.8943836893241786,0.0911236159012525,6.601978945763868e-4
Chilko,1955,0.8629615306902103,0.0983500958906115,0.002287487731258745
Chilko,1956,0.9491848197498658,0.12695715239595196,0
Chilko,1957,0.834132795567321,0.040254805037985064,0.004829237157159621
Chilko,1958,0.890445904733732,0.16270123672133485,4.805307039209799e-4
Chilko,1959,0.9312528192964888,0.08917531218965918,0.0012660628686942046
Chilko,1960,0.977114011155385,0.047305314762464766,0.00314549129813144
Chilko,1961,0.8494336481742844,0.01717691159655033,0
Chilko,1962,0.6447667145438539,0.15001628487677776,0
Chilko,1963,0.940843237337489,0.33404531344113425,0
Chilko,1964,0.9112288437598001,0.04839753431335529,0.011794004540610666
Chilko,1965,0.7634696715138173,0.08357106881182944,0
Chilko,1966,0.9746814507864549,0.23282254794044377,0
Chilko,1967,0.9255854456173502,0.014487165698352818,0
Chilko,1968,0.8921794305205325,0.04245998609369126,1.8263691173158056e-5
Chilko,1969,0.8816062406943154,0.104263468742198,6.99474022150288e-4
Chilko,1970,0.8386294793071246,0.10702332624934781,0
Chilko,1971,0.966949750176302,0.13156836438475603,0
Chilko,1972,0.9492573822375383,0.018679010308040873,0
Chilko,1973,0.9201348040739682,0.031316049020570426,0
Chilko,1974,0.9143916183985382,0.06960317361620634,4.5576475750526977e-4
Chilko,1975,0.8816524141873705,0.061262668116040885,0
Chilko,1976,0.9237287532639398,0.04833257902384412,0
Chilko,1977,0.8181406986031198,0.05593461922481282,0
Chilko,1978,0.9052355740194059,0.13875079460807485,7.873772983946515e-5
Chilko,1979,0.9300940266745948,0.057387829287153636,0.0071066486283842155
Chilko,1980,0.9718415403063023,0.054363649268852544,0
Chilko,1981,0.956460843373494,0.023180178233896228,2.6114800663717703e-4
Chilko,1982,0.9240046096134785,0.026741967871485944,0
Chilko,1983,0.9391468843851264,0.0691853029840766,0
Chilko,1984,0.882693352467954,0.05087603232756365,0
Chilko,1985,0.8778785831952456,0.11395666296597579,0.00453683474968927
Chilko,1986,0.84798206418246,0.11375354128297706,5.347276930181224e-4
Chilko,1987,0.81216912950497,0.11835012992210928,0
Chilko,1988,0.7424507752736849,0.16424371174623953,8.83032579024224e-4
Chilko,1989,0.6405911743859434,0.23247534500679856,0.002080399224780539
Chilko,1990,0.9194000796649406,0.3557231735809102,0.00860311355012626
Chilko,1991,0.9123033104500865,0.06958599230350009,0.0019880820083828456
Chilko,1992,0.9041086454727159,0.08441001788924955,0.0010485189487561104
Chilko,1993,0.9671688098721647,0.09507298146022394,6.73081034657904e-4
Chilko,1994,0.9194495154104434,0.029032797187116963,0
Chilko,1995,0.8152628197150242,0.07549611832903307,0
Chilko,1996,0.9505706866194824,0.181484675965187,0
Chilko,1997,0.8529716073238315,0.047417237710607345,0
Chilko,1998,0.9381125409651903,0.14244349229487976,0
Chilko,1999,0.8202989876795104,0.05441740861232157,0
Chilko,2000,0.862117912734898,0.17562661853566663,0
Chilko,2001,0.7501347437834246,0.13629104986472515,0.0018943733814643334
Chilko,2002,0.7899755018028735,0.249614412443659,0.0013278196922039168
Chilko,2003,0.9232077901984542,0.20234504051338079,0
Chilko,2004,0.84681894900873,0.07537363371321205,0.005658449640730397
Chilko,2005,0.8644699456947652,0.1382696565178317,0
Chilko,2006,0.9032346825230959,0.13537815155061642,0.007103985206174987
Chilko,2007,0.8367103416003744,0.09267586926999154,0
Chilko,2008,0.9091217282536268,0.1555191597774658,4.4703123650938e-4
Chilko,2009,0.7791769032667226,0.08888161509416317,0.00632246659387511
Chilko,2010,0.8937349529810069,0.21868933980968075,0
Chilko,2011,0.9535522773381734,0.10520707461719342,0
Chilko,2012,0.8652453705883071,0.04399383743911359,0
Chilko,2013,0.8784708531668443,0.13063301026394752,0
Chilko,2014,0.9418731066463899,0.11938780188513869,0
Chilko,2015,0.9036863913360134,0.04214504240469212,0.0014557909356922288
Chilko,2016,0.8427381377326114,0.09272041608203137,2.2464879428956336e-4
Chilko,2017,0.8905615357614455,0.14660055134330796,0
Chilko,2018,0.9457119220293095,0.10754759556721881,0
Chilko,2019,0.7702152495681001,0.052415278783270146,0
Chilko,2020,0.6656594110115237,0.22287435215016108,9.057029500994145e-5
Chilko,2021,0.9640877481482514,0.3303201024327785,0
Chilko,2022,0.9134241500288235,0.03491147143464355,0
Chilko,2023,0.9998143521449038,0.07519160745084713,0
Chilko,2024,NA,0,0
Chilko,2025,NA,NA,0
Egegik,1948,NA,NA,NA
Egegik,1949,NA,NA,NA
Egegik,1950,NA,NA,NA
Egegik,1951,NA,NA,NA
Egegik,1952,NA,NA,NA
Egegik,1953,NA,NA,NA
Egegik,1954,NA,NA,NA
Egegik,1955,NA,NA,NA
Egegik,1956,NA,NA,NA
Egegik,1957,NA,NA,NA
Egegik,1958,NA,NA,NA
Egegik,1959,NA,NA,NA
Egegik,1960,0,NA,NA
Egegik,1961,0,0,NA
Egegik,1962,0.7783902603048258,0.9110289021495954,1
Egegik,1963,0.660489295550698,0.22026590284546008,0.08897109785040462
Egegik,1964,0.6285616618345821,0.3049317180512769,0.0013438368497140985
Egegik,1965,0.32794787453667995,0.33596015889725345,0.009628634925008607
Egegik,1966,0.6738092490775599,0.6345628800672619,0.005383456856041322
Egegik,1967,0.6029387747142968,0.30846669531187876,0.005711478374588114
Egegik,1968,0.810852648209965,0.38354800255301075,0.014109147798695409
Egegik,1969,0.6266403652539192,0.15224689257721816,0.00752073236935612
Egegik,1970,0.5410283504938005,0.3429777977599684,0.002206630196790272
Egegik,1971,0.5746130273424159,0.3847292616959671,0.009968935134378578
Egegik,1972,0.3638727949769947,0.38712696113506617,0.0032427703978656327
Egegik,1973,0.4332457895360032,0.5326215185069435,0.002068634070894761
Egegik,1974,0.5378456724997636,0.562364931952022,0.046735240133798914
Egegik,1975,0.4774216565822058,0.3455342083893365,4.830163722159064e-13
Egegik,1976,0.5513991323656615,0.48973336498196984,0.028371183633069393
Egegik,1977,0.4551781672813172,0.4437988749849074,0.02371154073232946
Egegik,1978,0.718920288848348,0.5153420158715265,0.0048019926493723325
Egegik,1979,0.7845942930927068,0.25405584534663106,0.00504179528269435
Egegik,1980,0.7197329986712253,0.1939778472130558,0.0010086083740222112
Egegik,1981,0.6151319644127904,0.18324653398545962,9.143950814914133e-4
Egegik,1982,0.7073175941215626,0.1845401802596436,1.985238309651441e-15
Egegik,1983,0.5445327603382618,0.2520030581526017,0.0018509264523307244
Egegik,1984,0.7913257219349297,0.2911544959198584,8.666541386089701e-4
Egegik,1985,0.609353889567742,0.11658169406722928,3.8875262354262153e-4
Egegik,1986,0.5622491411983043,0.27190667232215254,3.0259468097853053e-16
Egegik,1987,0.5584471036970662,0.24647641414819743,0.0013991320914537254
Egegik,1988,0.5002106319722198,0.3199649352483092,1.5973533473562213e-4
Egegik,1989,0.7522699352053588,0.4546168783502807,0.0023238526579971064
Egegik,1990,0.5144168327354005,0.17380699579979852,0.0038900728863894927
Egegik,1991,0.5091573167505258,0.3078679383400434,0.0017127545938295677
Egegik,1992,0.6252670765758149,0.4565592362876263,0.006690052481245539
Egegik,1993,0.536066229397864,0.34531290542542575,0.004280136473056902
Egegik,1994,0.59415807100421,0.43773585226906425,0.008564116050294245
Egegik,1995,0.6129804023983357,0.37353720090318876,0.0028458596389195393
Egegik,1996,0.5901909048003632,0.2621511773458975,0.003225803496029541
Egegik,1997,0.5834036751199484,0.3728161472910584,8.137481430243324e-4
Egegik,1998,0.5387801785151285,0.3380659880009713,0.003311618289221194
Egegik,1999,0.5879229389550298,0.4168298146675018,0.002000852547807898
Egegik,2000,0.4641192050163823,0.20862909706628402,0.0037210681754172915
Egegik,2001,0.6071465109019796,0.43291918047206923,0.003809334705283244
Egegik,2002,0.44649980061396466,0.3798727090954772,0.002938260397983264
Egegik,2003,0.7384370753999672,0.5267427442656772,0.0070586171767356405
Egegik,2004,0.49666397256803885,0.23487213293522383,7.951292700053501e-4
Egegik,2005,0.49828460200998864,0.3904154451593755,9.987421016035075e-4
Egegik,2006,0.6148256805006114,0.4305062489320588,0.0025929031332945014
Egegik,2007,0.5089380638886983,0.097067087566311,1.0545765122393553e-4
Egegik,2008,0.6707729482372519,0.257873908077707,8.387035746161794e-15
Egegik,2009,0.49624199213982306,0.12689776623388688,8.195302406127539e-4
Egegik,2010,0.5277819368584584,0.41792032792216743,5.504335932267816e-4
Egegik,2011,0.5912828405580834,0.39234158538015973,0.0030563834141972145
Egegik,2012,0.573501562608473,0.3848304743115174,0.0032324621445858274
Egegik,2013,0.7232835109830562,0.2463998361314012,0.003129783937061895
Egegik,2014,0.6734932835230496,0.1806789974054306,0
Egegik,2015,0.5338709114965937,0.24215982214187237,1.969328589650157e-15
Egegik,2016,0.6327645526633869,0.3547312333161728,0.0013028555946398507
Egegik,2017,0.4011384966050048,0.11951146504919241,0.002099586412769122
Egegik,2018,0.5647896669012846,0.08233549851370232,2.419765395827437e-4
Egegik,2019,0.5211574859569333,0.03430830471134873,0
Egegik,2020,0.4795040515368514,0.010988050522963496,4.659983720413489e-10
Egegik,2021,0.5015246644205839,0.1421347344608576,1.23195249431322e-13
Egegik,2022,0.5435298509466047,0.3015991673123515,4.834331347725789e-11
Egegik,2023,0,0,0
Egegik,2024,0,0,0
Egegik,2025,0,0,0
Igushik,1948,NA,NA,NA
Igushik,1949,NA,NA,NA
Igushik,1950,NA,NA,NA
Igushik,1951,NA,NA,NA
Igushik,1952,NA,NA,NA
Igushik,1953,NA,NA,NA
Igushik,1954,NA,NA,NA
Igushik,1955,NA,NA,NA
Igushik,1956,NA,NA,NA
Igushik,1957,NA,NA,NA
Igushik,1958,NA,NA,NA
Igushik,1959,NA,NA,NA
Igushik,1960,NA,NA,NA
Igushik,1961,0,NA,NA
Igushik,1962,0.7919989771743284,1,NA
Igushik,1963,0.5959495978358408,0.2080010228256715,0
Igushik,1964,0.7792925557344518,0.0711414923555448,0
Igushik,1965,0.873760882614958,0.09140915670344867,0
Igushik,1966,0.8986884597182736,0.03163482162877399,0
Igushik,1967,0.43389963259323644,0.02418524026179963,0
Igushik,1968,0.7357679508759043,0.03148057660145148,2.2766576797639834e-14
Igushik,1969,0.5405859278942758,0.049526695286079885,0
Igushik,1970,0.7905466204602164,0.0651634469864227,0
Igushik,1971,0.5626039948823248,0.028574458202178115,0
Igushik,1972,0.6434050742680677,0.08537471115440634,2.0166792684096906e-4
Igushik,1973,0.8088290741455775,0.04783740068559793,0
Igushik,1974,0.7220949027633313,0.1892452501901704,0
Igushik,1975,0.6586130488443931,0.14771789687489278,0
Igushik,1976,0.5277483237081205,0.11175287990765315,4.278531407775492e-5
Igushik,1977,0.9171543229254681,0.06381863542476257,0
Igushik,1978,0.6550374985625241,0.04187318592144252,0
Igushik,1979,0.6952440576727101,0.016852922747216184,0
Igushik,1980,0.6256619280508481,0.11134634099807675,0
Igushik,1981,0.7115722720948711,0.06630272027217672,0
Igushik,1982,0.9150172565797409,0.07364992869299578,1.4495506745553123e-4
Igushik,1983,0.3053614600943054,0.02093761898549082,0
Igushik,1984,0.8752996396684619,0.012513778224710597,0
Igushik,1985,0.6075583039783574,0.09254609348729019,0
Igushik,1986,0.8072757382199409,0.10213136909576591,0
Igushik,1987,0.6476857923198552,0.0271432478667868,0
Igushik,1988,0.9015009437450101,0.07838361161097467,0
Igushik,1989,0.6052089447766624,0.03690544348474681,0
Igushik,1990,0.8872964142706667,0.04130847966024893,0.0032123989565866944
Igushik,1991,0.7641167772871794,0.013521948708507973,7.10164647104891e-4
Igushik,1992,0.7893464661871784,0.034355437152439494,0
Igushik,1993,0.7481037714616997,0.03831061935769244,2.866213136271651e-15
Igushik,1994,0.7963217566357658,0.03376831459025751,0
Igushik,1995,0.8138678431663086,0.08856992776593552,0
Igushik,1996,0.6953841361106734,0.011468559198657772,5.563370568765106e-14
Igushik,1997,0.7060453967133923,0.06813725677675654,6.136245511707938e-16
Igushik,1998,0.7248919246582743,0.013573011719737234,1.2846331952850162e-14
Igushik,1999,0.6945298016854239,0.027155488031857158,0
Igushik,2000,0.9038544850140443,0.011271080964476127,0
Igushik,2001,0.615938156843767,0.009172652686298254,0
Igushik,2002,0.7386405196260374,0.35259860501243534,7.121924825845327e-5
Igushik,2003,0.5661784409286139,0.018306534456903535,2.8851553810961345e-14
Igushik,2004,0.8764473873250862,0.2657631987774049,2.1043372006781063e-15
Igushik,2005,0.9202403053996744,0.05412826076319124,0
Igushik,2006,0.49046738172071147,0.014819694278363256,3.789414937499668e-13
Igushik,2007,0.6110236411512089,0.03463369103897551,0
Igushik,2008,0.6643212016102018,0.019004654119558418,0
Igushik,2009,0.7589827271241018,0.010763690003913792,0
Igushik,2010,0.796608529359106,0.03444160457603332,0
Igushik,2011,0.7210170635622196,0.015336534318798157,5.242340703474937e-16
Igushik,2012,0.8308906851820786,0.014648255135069552,0
Igushik,2013,0.8578469097242417,0.08974319199522533,5.462529650804868e-4
Igushik,2014,0.6609869502517974,0.0019154783188571859,2.8398465846399702e-15
Igushik,2015,0.7411975427556792,0.007838175580566147,1.7453611198592321e-15
Igushik,2016,0.4613436204607823,0.0025766412274119224,0
Igushik,2017,0.5645913738166201,0.005289615644987718,1.8257406474032658e-15
Igushik,2018,0.603343632325225,0.0020516449197817833,0
Igushik,2019,0.6869436739260024,1.1902517099048841e-6,0
Igushik,2020,0.6246975002472748,0.06854612184977608,1.6816243864371995e-12
Igushik,2021,0.6884113473303036,0.007194185316090147,3.272867050092121e-12
Igushik,2022,0.6117258737941662,0.008745796929293448,2.0086046938570082e-12
Igushik,2023,0,0,0
Igushik,2024,0,0,0
Igushik,2025,0,0,0
Kvichak,1948,NA,NA,NA
Kvichak,1949,NA,NA,NA
Kvichak,1950,NA,NA,NA
Kvichak,1951,NA,NA,NA
Kvichak,1952,NA,NA,NA
Kvichak,1953,NA,NA,NA
Kvichak,1954,NA,NA,NA
Kvichak,1955,NA,NA,NA
Kvichak,1956,NA,NA,NA
Kvichak,1957,NA,NA,NA
Kvichak,1958,NA,NA,NA
Kvichak,1959,NA,NA,NA
Kvichak,1960,0,NA,NA
Kvichak,1961,0,0,NA
Kvichak,1962,0.7261478387778524,0.9999999993354597,1
Kvichak,1963,0.45959037678411035,0.27385216122212036,6.645403568332566e-10
Kvichak,1964,0.8545101215038738,0.016946618145111458,2.7201555005189668e-14
Kvichak,1965,0.7006275145595526,0.1116230223174394,2.5847975627137642e-14
Kvichak,1966,0.8813122040996559,0.1823200373162779,7.198951559269193e-5
Kvichak,1967,0.7243476600062533,0.09875155438955485,6.452918629346348e-4
Kvichak,1968,0.5035558583289156,0.24262281351525974,6.109653384395917e-16
Kvichak,1969,0.7382794605702115,0.07923055097207089,0.010014075515822667
Kvichak,1970,0.8363380888937834,0.025332200823086397,1.8526760209597984e-4
Kvichak,1971,0.7366184934422015,0.07933631988315851,2.3182693907496407e-16
Kvichak,1972,0.22440882129347384,0.06166986700610782,1.7203737329605235e-4
Kvichak,1973,0.8703146244881836,0.29643220584357466,0
Kvichak,1974,0.9950780994903949,0.10136300449911144,0.0030622960306104867
Kvichak,1975,0.7726909898338244,8.086626988883325e-16,1.8440785247020516e-15
Kvichak,1976,0.3166085545496197,0.04747415710301844,3.744275407375432e-5
Kvichak,1977,0.5907918912636012,0.07505860794710814,1.4521542000867713e-14
Kvichak,1978,0.7280463815318026,0.16622669861820114,1.1720638355671116e-15
Kvichak,1979,0.835049586957373,0.024457009908949542,1.0668645807828814e-12
Kvichak,1980,0.41828182867284797,0.010310152536565888,1.0793926608510273e-16
Kvichak,1981,0.2889635848776824,0.021852759025944985,6.800927502209183e-17
Kvichak,1982,0.4818612656471221,0.039383001879488753,1.0376740241853767e-15
Kvichak,1983,0.47365161608656303,0.1953730743229465,2.7587678986241556e-15
Kvichak,1984,0.768113686286923,0.08513183933523068,3.872005747774131e-4
Kvichak,1985,0.5618847266245247,0.0291411896992146,5.0251139732179105e-17
Kvichak,1986,0.5963402975578026,0.07181809566093622,1.9970767210530816e-16
Kvichak,1987,0.29808440801322755,0.0768369098521286,2.126100238375034e-15
Kvichak,1988,0.8157999632829747,0.028327526144251974,1.6142415989590632e-14
Kvichak,1989,0.863269497432769,0.07141484275200097,5.872551910309552e-4
Kvichak,1990,0.5852417456935175,0.07574936944715314,3.3227632078031436e-16
Kvichak,1991,0.5560112730464359,0.2503306152068289,5.237594896667386e-4
Kvichak,1992,0.6145914158651745,0.028523887208943943,2.4762663727712433e-15
Kvichak,1993,0.7826190066515333,0.049515686715891905,8.374416839398014e-16
Kvichak,1994,0.8721797017868016,0.13262004406790434,1.3025040086680179e-15
Kvichak,1995,0.4723077306823863,0.06185798293463464,2.6311873380967975e-16
Kvichak,1996,0.561142430943849,0.053691211798994595,4.352537467169689e-5
Kvichak,1997,0.4982019815210685,0.08649187812128571,9.856445721892919e-16
Kvichak,1998,0.6822261686630494,0.15424759553027678,8.47735465921097e-15
Kvichak,1999,0.26090639576112085,0.0338487476429524,6.719949916792776e-16
Kvichak,2000,0.7414468363445071,0.009824866504874028,1.2058028835049617e-5
Kvichak,2001,0.5911636180730133,0.016305839573767737,1.424220226693979e-4
Kvichak,2002,0.6106068701805288,0.21333538058537138,2.7535349633737757e-5
Kvichak,2003,0.8259578854558011,0.08916263541890075,1.5120501702755928e-4
Kvichak,2004,0.4710378373701708,0.03010629289832229,4.3418577458207864e-15
Kvichak,2005,0.6497170929344128,0.08671793449973753,1.6467889652112982e-5
Kvichak,2006,0.3626851559049367,0.20672017773114226,1.5396036992771543e-15
Kvichak,2007,0.2452205599287884,0.002801255983946458,2.2486665395713347e-15
Kvichak,2008,0.5096856314388722,0.02799503722576118,8.45901795847972e-16
Kvichak,2009,0.6846294593674359,0.050809190114196816,6.295596298383433e-16
Kvichak,2010,0.4686711613857284,0.1839149954317903,1.8819116456078346e-15
Kvichak,2011,0.6899229948265116,0.09004407202092775,1.2095042617795566e-4
Kvichak,2012,0.48319768266766466,0.18644251360191028,5.462702762007316e-4
Kvichak,2013,0.8323326997537335,0.10822972494090911,0.0012206173571679571
Kvichak,2014,0.7283530768612375,0.10929396120816597,0
Kvichak,2015,0.5833249514843536,0.03318392575726241,6.916782940045513e-16
Kvichak,2016,0.25694192395229093,0.06054357532385898,1.6119359257653015e-7
Kvichak,2017,0.42895854959418783,0.012293731598541252,1.0866231301160807e-4
Kvichak,2018,0.32197736936319116,0.006887737287104029,5.039962589354321e-7
Kvichak,2019,0.5452075098076237,0.002644129003474592,0
Kvichak,2020,0.4654077396535461,0.01883696927395863,5.2245972524299954e-11
Kvichak,2021,0.47747186258604385,0.033139474126878544,2.37462020871308e-13
Kvichak,2022,0.48123352609391684,0.1046105452324009,3.311138114472433e-4
Kvichak,2023,0,0,0
Kvichak,2024,0,0,0
Kvichak,2025,0,0,0
Late Stuart,1948,NA,NA,NA
Late Stuart,1949,NA,NA,NA
Late Stuart,1950,NA,NA,NA
Late Stuart,1951,NA,NA,NA
Late Stuart,1952,1,NA,NA
Late Stuart,1953,0.9976160010247013,0,NA
Late Stuart,1954,0.9241450568282049,1.4050432557270216e-4,0
Late Stuart,1955,0.8789374706158909,0.060961165293213375,0
Late Stuart,1956,0.9710546186760635,0.12106252938410908,0
Late Stuart,1957,0.997315490720179,0.0072992700729927005,0
Late Stuart,1958,0.9793135940274708,0.002149797808198351,0
Late Stuart,1959,0.977621969033012,0.01959917370347552,0
Late Stuart,1960,0.2922215955923821,0.021813224267211998,0
Late Stuart,1961,0.9979020726619765,0.7077784044076179,0
Late Stuart,1962,0.9701336942407228,0.0014407271611659362,0
Late Stuart,1963,0.8241341991341992,0.017575946010205387,0
Late Stuart,1964,0.6923156909639181,0.16680194805194806,0
Late Stuart,1965,0.9896040735897482,0.30487678070084223,0
Late Stuart,1966,0.9564667509818279,0.010212234642469023,0
Late Stuart,1967,0.9885467673665864,0.042534780003993876,0
Late Stuart,1968,0.582392776523702,0.00937837164909951,0
Late Stuart,1969,0.9803729416755075,0.3982586262495969,0
Late Stuart,1970,0.9713144075918951,0.019424304969502516,0
Late Stuart,1971,0.3801642908915197,0.024986838375248045,0
Late Stuart,1972,0.8752036806287741,0.6063058709833293,0
Late Stuart,1973,0.9860698255836844,0.12479631937122591,0
Late Stuart,1974,0.9955108839888196,0.012234733650931138,0
Late Stuart,1975,0.9813838550247117,0,0
Late Stuart,1976,0.8621975913886817,0,0
Late Stuart,1977,0.9880798320967785,0.13780240861131834,0
Late Stuart,1978,0.9581394431737519,0.01148479653144132,0
Late Stuart,1979,0.9952630208817568,0.025001971764334725,0
Late Stuart,1980,1,0.0022220569367225125,0
Late Stuart,1981,0.9676816123251784,0,0
Late Stuart,1982,0.8788248769619998,0.03224178985535533,0
Late Stuart,1983,1,0.11237680466222764,0
Late Stuart,1984,1,0,0
Late Stuart,1985,0.9725202947439427,0,0
Late Stuart,1986,0.8542032169735526,0.027479705256057203,0
Late Stuart,1987,0.7910722246990638,0.14263227795176178,0
Late Stuart,1988,0.9849430276722735,0.20892777530093626,0
Late Stuart,1989,0.9599321935130539,0,0
Late Stuart,1990,0.8880242872241021,0.03785691132100915,0
Late Stuart,1991,0.747049893309408,0.11165240563779069,0
Late Stuart,1992,0.9925665513971244,0.2503611167387146,0
Late Stuart,1993,0.9691409473479499,0,0
Late Stuart,1994,0.9561443792508062,0.0270566256764438,0
Late Stuart,1995,0.8344603535284402,0.04272677594226472,0
Late Stuart,1996,0.9525181131322978,0.16230915943457352,0
Late Stuart,1997,0.8631572879209065,0.047481886867702126,0
Late Stuart,1998,0.9356462231462231,0.13575830124199842,0
Late Stuart,1999,0.6947187795045484,0.06435377685377686,0
Late Stuart,2000,0.7917908113391985,0.2950454838371274,0
Late Stuart,2001,0.8162429362141589,0.2076158357771261,0
Late Stuart,2002,0.9535745973122894,0.18356908295524432,0
Late Stuart,2003,0.8794958913951295,0.045300113250283124,0
Late Stuart,2004,0.9505757138698784,0.12033198126057086,0
Late Stuart,2005,0.8222217385023637,0.0474249908625531,0
Late Stuart,2006,0.9645182291666666,0.17772087473260736,0
Late Stuart,2007,0.7327732635541477,0.03532298018292683,0
Late Stuart,2008,0.9344491774695405,0.26672175549740623,0
Late Stuart,2009,0.8222774970851147,0.06477117280581761,0
Late Stuart,2010,0.9625135042231389,0.17703070345899727,0
Late Stuart,2011,0.471425107105327,0.03720413474759379,0
Late Stuart,2012,0.9561814615057597,0.5220273219626546,0
Late Stuart,2013,0.8610169625277678,0.041677550874065876,0
Late Stuart,2014,0.8860335840273904,0.13879758997163047,0
Late Stuart,2015,0.9336082474226804,0.11037911865971647,0
Late Stuart,2016,0.8797371849962574,0.0663917525773196,0
Late Stuart,2017,0.9135117201954854,0.12026281500374261,0
Late Stuart,2018,0.9697034916000724,0.07685011505399669,0
Late Stuart,2019,0.8479862896315339,0.028325192296895178,0
Late Stuart,2020,0.9871270766286857,0.15201371036846614,0
Late Stuart,2021,0.9534368161312539,0,0
Late Stuart,2022,0.8236215284166029,0.04642055202598345,0
Late Stuart,2023,1,0.17542433435022398,0
Late Stuart,2024,NA,0,0
Late Stuart,2025,NA,NA,0
Naknek,1948,NA,NA,NA
Naknek,1949,NA,NA,NA
Naknek,1950,NA,NA,NA
Naknek,1951,NA,NA,NA
Naknek,1952,NA,NA,NA
Naknek,1953,NA,NA,NA
Naknek,1954,NA,NA,NA
Naknek,1955,NA,NA,NA
Naknek,1956,NA,NA,NA
Naknek,1957,NA,NA,NA
Naknek,1958,NA,NA,NA
Naknek,1959,NA,NA,NA
Naknek,1960,0,NA,NA
Naknek,1961,0,0,NA
Naknek,1962,0.8745600670854877,0.9999999999779391,1
Naknek,1963,0.5005483165305518,0.12212769067439012,2.2060993566577122e-11
Naknek,1964,0.24866660795840181,0.1751143913015753,0.0033122422401221565
Naknek,1965,0.6053487562597937,0.4302804961855627,2.416211082216379e-15
Naknek,1966,0.5949814385825473,0.3389087605734493,4.7775542688653774e-4
Naknek,1967,0.6545192640679044,0.28169806290830085,0.0016005367059467427
Naknek,1968,0.6888657722700264,0.24871743422199932,1.9469049284328904e-15
Naknek,1969,0.5480250991303638,0.14127151875594113,2.669301399019548e-15
Naknek,1970,0.6616588426556568,0.19418469315367426,2.9941973103868693e-15
Naknek,1971,0.5498412068099161,0.11616064060124297,2.544790676354483e-15
Naknek,1972,0.4556835236714006,0.2203493907819903,1.2330171287488494e-4
Naknek,1973,0.5024652339470094,0.34066226937485283,2.941381306466718e-4
Naknek,1974,0.7223206200185852,0.47109147567351145,1.1674069883720858e-14
Naknek,1975,0.5534699007050308,0.2060260733754703,0.0030010599030702643
Naknek,1976,0.4411847138076501,0.3542265246168144,6.809462701409989e-4
Naknek,1977,0.4668803357339522,0.3994912454566587,0.0078938591004466
Naknek,1978,0.5665478753465325,0.3100550477089899,0.0036941883940923084
Naknek,1979,0.6100379457262416,0.33609234684646333,7.573317293571039e-14
Naknek,1980,0.7130419878190435,0.2986797318332298,1.5786676314177429e-15
Naknek,1981,0.6994706451560732,0.1717617391985477,9.130056715321318e-4
Naknek,1982,0.5669210683567435,0.08542412367715907,0.0015148371986406111
Naknek,1983,0.5256158260050213,0.25365131091196524,7.757236920361995e-4
Naknek,1984,0.6040994460902461,0.1198701847594514,2.8155948210217255e-15
Naknek,1985,0.6278862797989277,0.17695898497073054,3.7815324896051854e-4
Naknek,1986,0.6311989085895735,0.20464322237068105,3.0455144411755807e-4
Naknek,1987,0.6118282697279377,0.27293142703040796,9.391092336158999e-4
Naknek,1988,0.535365502659978,0.26173558112419926,0.0044866622181249935
Naknek,1989,0.6732720776403817,0.3429429519056955,6.3325510803736666e-15
Naknek,1990,0.6201497464099343,0.2013416219122754,3.1841793520958055e-4
Naknek,1991,0.3369970866126365,0.2294063299181257,0.006422409056280405
Naknek,1992,0.628239843903011,0.5905937888470361,0.003341592452860881
Naknek,1993,0.710475014044294,0.2429305777078433,0.0020427447837633264
Naknek,1994,0.6109082451870234,0.17251027707771527,0.0011006231733495888
Naknek,1995,0.7933985604281989,0.20628709031820772,2.047775677400282e-15
Naknek,1996,0.6992197595685398,0.1052309729804107,0.004043300165957089
Naknek,1997,0.5740069417837677,0.18951325443466985,3.150502252193813e-4
Naknek,1998,0.621336701478513,0.2904014403260456,4.767295482338727e-15
Naknek,1999,0.5480617954362162,0.15777731984636614,7.707323313641355e-16
Naknek,2000,0.8714171443977259,0.04064364982787818,0.0011445335819175468
Naknek,2001,0.498935004908895,0.07531058023833134,6.059577035766363e-4
Naknek,2002,0.6488974318689124,0.46986667073507443,4.1333114785821175e-4
Naknek,2003,0.5572308680516619,0.19651662453056215,6.447443461410114e-4
Naknek,2004,0.8065553416214006,0.25058792232812804,1.3911676445096187e-15
Naknek,2005,0.7171240917808527,0.05933151644334895,5.822621561336127e-4
Naknek,2006,0.6806527180437145,0.1752682562748319,8.997803278183822e-16
Naknek,2007,0.6288461180585274,0.052354096164009524,7.380817120915654e-4
Naknek,2008,0.6113485447237449,0.07226057953138051,0.003770039451599706
Naknek,2009,0.567559578011816,0.1582507808872322,4.005642296797066e-4
Naknek,2010,0.5391700628383412,0.18053466983144187,3.273458950886434e-4
Naknek,2011,0.4713816421972722,0.10849328825398724,0.0012525326514761556
Naknek,2012,0.5985789267096371,0.11981102117579331,5.202483174596888e-4
Naknek,2013,0.6716603612633013,0.21275469643984365,1.9972972906720998e-5
Naknek,2014,0.4935917926212613,0.08276234854989763,0
Naknek,2015,0.4274665124906572,0.054099503756854794,8.878634988246165e-4
Naknek,2016,0.484921534019162,0.11227804916302103,8.811426461371583e-6
Naknek,2017,0.5444241934396825,0.07079143153291508,4.995270094297962e-4
Naknek,2018,0.5214985447112945,0.02484918868332849,1.3760011226801536e-6
Naknek,2019,0.558295246479772,0.017283427898030033,0
Naknek,2020,0.4544064125106463,0.03842017563189042,0.0025460884635156223
Naknek,2021,0.40162695679563754,0.06171142145322205,2.371410025237212e-13
Naknek,2022,0.6398834271272216,0.09891409482817039,5.061298476332738e-10
Naknek,2023,0,0,0
Naknek,2024,0,0,0
Naknek,2025,0,0,0
Nushagak,1948,NA,NA,NA
Nushagak,1949,NA,NA,NA
Nushagak,1950,NA,NA,NA
Nushagak,1951,NA,NA,NA
Nushagak,1952,NA,NA,NA
Nushagak,1953,NA,NA,NA
Nushagak,1954,NA,NA,NA
Nushagak,1955,NA,NA,NA
Nushagak,1956,NA,NA,NA
Nushagak,1957,NA,NA,NA
Nushagak,1958,NA,NA,NA
Nushagak,1959,NA,NA,NA
Nushagak,1960,NA,NA,NA
Nushagak,1961,0,NA,NA
Nushagak,1962,0.9064557719246189,1,NA
Nushagak,1963,0.6730669066758452,0.09354422807538111,0
Nushagak,1964,0.4782005840840719,0.1681588761180673,0
Nushagak,1965,0.4049739360696739,0.36655817721564465,0
Nushagak,1966,0.5045081339584139,0.017611420884979915,0
Nushagak,1967,0.7609084959690517,0.28304673875904474,0
Nushagak,1968,0.7258750484753512,0.05084732686889988,7.499634064005747e-15
Nushagak,1969,0.8689441189403425,0.021028842648412524,0
Nushagak,1970,0.7428115762820103,4.606214806363456e-12,0
Nushagak,1971,0.2289707015381833,4.325396883315359e-15,0
Nushagak,1972,0.8765730210041448,0.046032848551900055,3.50697323910149e-10
Nushagak,1973,0.2202506309915353,0.02118338368326764,0
Nushagak,1974,0.7665753093110255,0.5724910217965078,0
Nushagak,1975,0.8271730529326873,0.09810946818462742,0
Nushagak,1976,0.7929335435292764,0.158356180272425,0
Nushagak,1977,0.9383904961200042,0.0765224123123101,0
Nushagak,1978,0.9060918084857934,0.04034622262547956,0
Nushagak,1979,0.8511211622326406,0.09101062208276009,0
Nushagak,1980,0.8332365698460621,0.03406714361354991,0
Nushagak,1981,0.9555056074916725,0.10737361014597532,0
Nushagak,1982,0.7126744210226601,0.030473216566614326,9.846196822067373e-15
Nushagak,1983,0.4158287987106992,3.250166271932081e-14,0
Nushagak,1984,0.42539833294689894,0.02465966426309801,0
Nushagak,1985,0.8035726284747259,0.10753949142173103,0
Nushagak,1986,0.47045096836443107,0.002936290227788591,5.52477031018057e-15
Nushagak,1987,0.42654375990889165,0.05840062969339377,2.8974516766057086e-4
Nushagak,1988,0.6082354896025468,0.023681431861750493,0
Nushagak,1989,0.49768366362656224,0.02988199445790056,0
Nushagak,1990,0.40390254848845575,0.02072437634314635,0
Nushagak,1991,0.46915844853317124,0.11959731683123306,4.65867746778304e-15
Nushagak,1992,0.691041278891379,0.07034447705391729,3.9163184905442733e-4
Nushagak,1993,0.5109760830969075,0.03106447650169578,0.001025962228060408
Nushagak,1994,0.35200038097248426,0.019036326887648645,0
Nushagak,1995,0.7242944621680769,0.025413704223730623,0
Nushagak,1996,0.47645203288364824,0.09014906235551716,0.004969730492543809
Nushagak,1997,0.772041715012218,0.050087534657908606,1.4448853630996585e-15
Nushagak,1998,0.6653037403199826,0.09825509952584519,8.967122106966773e-16
Nushagak,1999,0.783316796551201,0.09871144485052076,0
Nushagak,2000,0.7972779832583291,0.1620056674888124,0
Nushagak,2001,0.784821881612243,0.046958174303714635,0
Nushagak,2002,0.8423269756553591,0.14037805465884748,0
Nushagak,2003,0.8858346538485005,0.09954746082811332,0.0057718488726641
Nushagak,2004,0.8389626578012979,0.06396914029452094,1.9228486915993937e-15
Nushagak,2005,0.7977673031553817,0.09863376562357926,0
Nushagak,2006,0.8610649130838712,0.10580617049706108,0.001345333480492691
Nushagak,2007,0.7109423021644602,0.03754285633001813,1.3646073360708857e-4
Nushagak,2008,0.8059599923298207,0.10863988708659561,0
Nushagak,2009,0.7006065237076728,0.05166839041274743,0
Nushagak,2010,0.8273616459925974,0.040905113362374214,0
Nushagak,2011,0.833695154493524,0.08212452027896001,2.230699225837921e-15
Nushagak,2012,0.847762614802233,0.06736160299218377,0
Nushagak,2013,0.8937513345824917,0.07122913711555245,0
Nushagak,2014,0.9072751230847125,0.019990653004710913,1.7497870323857046e-15
Nushagak,2015,0.8497701835768589,0.0080517556718863615,2.58653833426721e-15
Nushagak,2016,0.872126503253907,0.0575845670830839,0
Nushagak,2017,0.6922048899636515,0.03279419395793815,2.2468452435869847e-15
Nushagak,2018,0.7575335275550468,0.008201233563607097,0
Nushagak,2019,0.7618794812860212,0.007486725913744114,0
Nushagak,2020,0.7694198719737698,0.029523692408728555,0.0019274653790679718
Nushagak,2021,0.6158024421077436,0.024799307862203596,1.2731606444272812e-12
Nushagak,2022,0.7367461232922744,0.018002152206197275,4.269486276024229e-4
Nushagak,2023,0,0,0
Nushagak,2024,0,0,0
Nushagak,2025,0,0,0
Quesnel,1948,NA,NA,NA
Quesnel,1949,NA,NA,NA
Quesnel,1950,NA,NA,NA
Quesnel,1951,NA,NA,NA
Quesnel,1952,1,NA,NA
Quesnel,1953,0.9527754133616241,0,NA
Quesnel,1954,0.9833984375,0,0
Quesnel,1955,1,0,0
Quesnel,1956,1,0,0
Quesnel,1957,0.989967963686716,0,0
Quesnel,1958,1,3.6051094232644266e-4,0
Quesnel,1959,1,0,0
Quesnel,1960,0.9841129744042365,0,0
Quesnel,1961,0.9900423497773461,0,0
Quesnel,1962,0.9853458382180539,1.7408129596521574e-4,0
Quesnel,1963,1,0.006740914419695193,0
Quesnel,1964,0.9959322033898305,0,0
Quesnel,1965,0.9636688183481211,0,0
Quesnel,1966,0.9958830794565665,4.8513566875387827e-4,0
Quesnel,1967,1,0,0
Quesnel,1968,1,0,0
Quesnel,1969,0.9909637397940945,0,0
Quesnel,1970,0.9431787724470652,5.422355941678483e-4,0
Quesnel,1971,0.9937535491198183,0.05306888233717502,0
Quesnel,1972,1,0,0
Quesnel,1973,0.9913153814650129,0,0
Quesnel,1974,1,0.004734183633668773,0
Quesnel,1975,1,0,0
Quesnel,1976,0.9895953757225433,0,0
Quesnel,1977,0.995904014408282,0,0
Quesnel,1978,0.944559051057246,0.0016816225067774223,0
Quesnel,1979,1,0.05476405363589479,0
Quesnel,1980,1,0,0
Quesnel,1981,0.9825356153710099,0,0
Quesnel,1982,0.945858156605193,0.015286750984008857,0
Quesnel,1983,0.3498585925802695,0.05342001992639434,0
Quesnel,1984,1,0.6501414074197305,0
Quesnel,1985,0.9762129071310597,0,0
Quesnel,1986,0.8983551198649247,0.02178354763201961,0
Quesnel,1987,0.7798426210036623,0.10136407328338812,0
Quesnel,1988,0.9877750611246944,0.2193407898643967,2.8080685168718116e-4
Quesnel,1989,0.9694007423852188,0,0
Quesnel,1990,0.9336082350488633,0.028048648574969356,0
Quesnel,1991,0.6763443417595361,0.06637557723043103,7.915353386252745e-5
Quesnel,1992,1,0.3235933677629791,0
Quesnel,1993,0.9716203928714937,0,0
Quesnel,1994,0.8974243170828418,0.027201289599419025,0
Quesnel,1995,0.6627815445675541,0.1023975266427379,0
Quesnel,1996,0.9999657698363799,0.3370464693236315,0
Quesnel,1997,0.940884303696957,0,0
Quesnel,1998,0.9137617471461484,0.05883486302809501,0
Quesnel,1999,0.7117377738993222,0.08613813541771376,0
Quesnel,2000,0.748770536994156,0.2882622261006778,0
Quesnel,2001,0.9288243859227796,0.2512294630058441,0
Quesnel,2002,0.9425995411271394,0.07082017391422939,0
Quesnel,2003,0.7179694690014384,0.057388644215301036,0
Quesnel,2004,0.7088459394164653,0.2820305309985615,0
Quesnel,2005,0.9663467176221816,0.29115406058353466,0
Quesnel,2006,0.9427080974284086,0.0323106744490552,0
Quesnel,2007,0.5728822041202146,0.05723255214637689,0
Quesnel,2008,0.5677894380501015,0.4271177958797854,0
Quesnel,2009,0.9145775857701466,0.43221056194989843,0
Quesnel,2010,0.9323534935839278,0.0845473261453291,0
Quesnel,2011,0.992234393757503,0.06727086934514999,8.750880845242975e-4
Quesnel,2012,0.10975946917334808,0.007477991196478591,0
Quesnel,2013,0.92640052981622,0.8902405308266519,0
Quesnel,2014,0.9866703354179589,0.07352449619038397,0
Quesnel,2015,0.9028270683952584,0.011753841020513776,0
Quesnel,2016,0.5876494023904383,0.09618309553125226,0
Quesnel,2017,0.941324024468517,0.4103585657370518,0
Quesnel,2018,0.9805898580431693,0.05551917006143327,0
Quesnel,2019,0.8155737704918032,0.018560398744074006,0
Quesnel,2020,0.2884990253411306,0.18442622950819673,0
Quesnel,2021,0.9942901999669476,0.7115009746588694,0
Quesnel,2022,0.9503106337130319,0.005635432159973558,0
Quesnel,2023,1,0.04937727657731912,0
Quesnel,2024,NA,0,0
Quesnel,2025,NA,NA,0
Raft,1948,NA,NA,NA
Raft,1949,NA,NA,NA
Raft,1950,NA,NA,NA
Raft,1951,NA,NA,NA
Raft,1952,0.9892006252269605,NA,NA
Raft,1953,0.9273709180840862,0.010799374773039456,NA
Raft,1954,0.8681403108262359,0.07262908191591379,0
Raft,1955,0.7268377646737876,0.1314865220827114,0
Raft,1956,0.9020163338673752,0.2729943550248673,0
Raft,1957,0.942753081807994,0.09788597553827517,0
Raft,1958,0.7717477420377119,0.057246918192005974,0
Raft,1959,0.8674035887776346,0.22367691332593884,0
Raft,1960,0.6387251289609432,0.13248075080136149,0
Raft,1961,0.9008803235783964,0.36127487103905676,0
Raft,1962,0.9761482953808928,0.09569355222460148,0
Raft,1963,0.8646142119081901,0.022857883593311153,0
Raft,1964,0.8682440405947605,0.13538578809180996,0
Raft,1965,0.9101336073997944,0.12797970261977815,0
Raft,1966,0.9264840070038719,0.08855087358684481,0
Raft,1967,0.9259447896506061,0.07351599299612814,0
Raft,1968,0.8267588867909038,0.07222165631048182,0
Raft,1969,0.9147192863376321,0.17157868812084393,0
Raft,1970,0.8701729045413994,0.08174149132163289,0
Raft,1971,0.8517291364671775,0.11623263520115552,0
Raft,1972,0.9482222243108358,0.14443984261751916,0
Raft,1973,0.7153096729297147,0.05085669708732389,0
Raft,1974,0.9367945823927766,0.2581767571329158,0
Raft,1975,0.7742092063748888,0.0590293453724605,0
Raft,1976,0.985334048183186,0.22312110670657714,0
Raft,1977,0.1726311291528683,0.013161308175230453,0
Raft,1978,0.9442035506831383,0.825018694583912,0
Raft,1979,0.8385944014294223,0.03894297635605007,0
Raft,1980,0.9303924520726689,0.16036331149493746,0
Raft,1981,0.3930835734870317,0.06679714945297602,0
Raft,1982,0.6340943033923618,0.4595100864553314,0
Raft,1983,0.3892727871010201,0.3524109238318754,0.1474063400576369
Raft,1984,0.9246756761982097,0.6107272128989799,0
Raft,1985,0.8526449820581086,0.0731589428300756,0
Raft,1986,0.6655172413793103,0.14399814793378862,0
Raft,1987,0.5097304052847705,0.33448275862068966,0
Raft,1988,0.6946433504026518,0.48348509194786643,0
Raft,1989,0.6243106110743437,0.29828102755880415,0
Raft,1990,0.9631596415532692,0.3741451577321862,1.699849138388968e-4
Raft,1991,0.3662303664921466,0.036840358446730836,0
Raft,1992,0.8276319698920471,0.6337696335078534,0
Raft,1993,0.651119568103372,0.1662275923541646,0
Raft,1994,0.6328616352201258,0.34826090804495974,0.006140437753788254
Raft,1995,0.621492128678987,0.3671383647798742,0
Raft,1996,0.9698593933274933,0.378507871321013,0
Raft,1997,0.6662896600988154,0.030051521135543643,0
Raft,1998,0.16640910368080922,0.3212095958092744,0
Raft,1999,0.834066740007334,0.8335908963191908,0.01178641585808679
Raft,2000,0.7932623987494671,0.16442977631096442,0
Raft,2001,0.5068469101123596,0.2014707972147222,0
Raft,2002,0.3020692203473334,0.49315308988764045,0
Raft,2003,0.4321575168849859,0.6974381081413967,0
Raft,2004,0.9330566050816319,0.5663379613730396,0
Raft,2005,0.8236206629091474,0.06648410690145239,0
Raft,2006,0.4988910419536339,0.1698640053777341,0
Raft,2007,0.30029498525073745,0.5000583662129666,0
Raft,2008,0.7846389874388724,0.6997050147492625,0
Raft,2009,0.7056715806715806,0.19089078531019274,0
Raft,2010,0.44607870040063663,0.27405814905814907,0
Raft,2011,0.5627130809258927,0.5460732122276494,0
Raft,2012,0.7990928770229874,0.4372869190741073,0
Raft,2013,0.5858521072182581,0.20080404082053396,0
Raft,2014,0.8669190448456611,0.41401427082498193,0
Raft,2015,0.7821569782114915,0.13227453967116168,0
Raft,2016,0.7940901440059847,0.21603432321022967,0
Raft,2017,0.5331364223740077,0.20590985599401535,0
Raft,2018,0.9436762225969646,0.4657559534797859,0
Raft,2019,0.3768844221105528,0.056070826306914,0
Raft,2020,0.7095430282515297,0.6231155778894473,0
Raft,2021,0.7881927710843374,0.29045697174847024,0
Raft,2022,0.7156501726121979,0.21180722891566264,0
Raft,2023,0.9965672812867792,0.28434982738780207,0
Raft,2024,NA,0,0
Raft,2025,NA,NA,0
Stellako,1948,NA,NA,NA
Stellako,1949,NA,NA,NA
Stellako,1950,NA,NA,NA
Stellako,1951,NA,NA,NA
Stellako,1952,0.8938009528084682,NA,NA
Stellako,1953,0.9640085392159042,0.10619904719153188,NA
Stellako,1954,0.96235932264031,0.035252062531966465,0
Stellako,1955,0.7775025419057595,0.03271051423837498,0
Stellako,1956,0.8489896206899666,0.22244036129100264,0
Stellako,1957,0.8963930098424632,0.15080261244252535,0
Stellako,1958,0.9413076375032093,0.10343481878963529,0
Stellako,1959,0.956940025023976,0.0559589333434602,0
Stellako,1960,0.893266054674043,0.04301551613538352,0
Stellako,1961,0.947261315964516,0.10636107564796239,0
Stellako,1962,0.9489778534923339,0.05268599803744657,0
Stellako,1963,0.951050940120424,0.04762674029254538,0
Stellako,1964,0.8712936285057806,0.048917660965608956,0
Stellako,1965,0.9297431513819351,0.12859087980354256,0
Stellako,1966,0.9703547891875387,0.06830300810029714,0
Stellako,1967,0.9801641925140743,0.02947557696711648,0
Stellako,1968,0.9597215427610677,0.01849363808958603,0
Stellako,1969,0.9484877960689675,0.03918757064053038,0
Stellako,1970,0.934455107722572,0.05077754657276186,0
Stellako,1971,0.9661449818718166,0.06323039904864047,0
Stellako,1972,0.969789403953105,0.033331880172344897,0
Stellako,1973,0.930833777567178,0.02955585339926977,0
Stellako,1974,0.9773608761768073,0.0686489368003317,0
Stellako,1975,0.9990260282176906,0.017641430450903002,0
Stellako,1976,0.9405089035643349,0,0
Stellako,1977,0.8825624847207832,0.059221331527847934,0
Stellako,1978,0.9295401984104728,0.11730946089102572,0
Stellako,1979,0.9624940392537461,0.06444546351312565,0
Stellako,1980,0.8868213310852564,0.03548298325109079,0
Stellako,1981,0.7871208129469326,0.11256481295809001,0
Stellako,1982,0.888204295789943,0.21260067745577718,0
Stellako,1983,0.7673001839967688,0.10982956299082086,0
Stellako,1984,0.7094780819850518,0.23265013046460786,0
Stellako,1985,0.8189494155258169,0.29024789318591593,0
Stellako,1986,0.8647075100692339,0.18095264744769113,0
Stellako,1987,0.8729713395044056,0.12998186000620504,0
Stellako,1988,0.7363499800729636,0.12613083309476095,0
Stellako,1989,0.7585636389057184,0.26348190100960356,0
Stellako,1990,0.7927417704171079,0.24076059094934055,0
Stellako,1991,0.8113162074569176,0.20721729302565653,0
Stellako,1992,0.5710817660935613,0.18865165857196634,0
Stellako,1993,0.5722871782875292,0.42875887923235423,0
Stellako,1994,0.9045959598082023,0.42758685843076744,0
Stellako,1995,0.8884924042321188,0.0942011018704903,0
Stellako,1996,0.8456257678813441,0.11073806559724751,0
Stellako,1997,0.2199752133331612,0.15405758001798583,0
Stellako,1998,0.8689684560741204,0.7799828300693252,0
Stellako,1999,0.6922412059208846,0.13084556933850158,0
Stellako,2000,0.7826400195075333,0.30735109453736975,0
Stellako,2001,0.5473624503686897,0.21734027591336882,0
Stellako,2002,0.7906322443522462,0.45263754963131025,0
Stellako,2003,0.8253258589262992,0.20925333504703,0
Stellako,2004,0.9023382580597517,0.17467414107370086,0
Stellako,2005,0.7084296898944025,0.09766174194024839,0
Stellako,2006,0.9029169602415702,0.29157031010559753,0
Stellako,2007,0.7026377920703412,0.09689380976346251,0
Stellako,2008,0.8622070745775017,0.29726044126027845,0
Stellako,2009,0.5893503360330863,0.13583672810874037,0
Stellako,2010,0.8210825255521911,0.4096157160089609,0
Stellako,2011,0.8449071731600046,0.1784962901019634,0
Stellako,2012,0.9491358482890045,0.1549215739695637,0
Stellako,2013,0.7471691053388212,0.04906554563070763,0
Stellako,2014,0.9113605731285289,0.250428326670474,0
Stellako,2015,0.7776577717360943,0.07867585453220813,0.002402567990704819
Stellako,2016,0.8576812996331681,0.2223422282639057,0
Stellako,2017,0.7384063016204557,0.14096827508364573,0
Stellako,2018,0.9178798572177836,0.25998962471502096,0
Stellako,2019,0.7232703554968601,0.08094386988690468,0
Stellako,2020,0.8824686383152239,0.2758402285529472,0
Stellako,2021,0.8274903831743018,0.1160202441774004,0
Stellako,2022,0.8440761229055458,0.17221611630114403,0
Stellako,2023,1,0.1558859588882382,0
Stellako,2024,NA,0,0
Stellako,2025,NA,NA,0
Ugashik,1948,NA,NA,NA
Ugashik,1949,NA,NA,NA
Ugashik,1950,NA,NA,NA
Ugashik,1951,NA,NA,NA
Ugashik,1952,NA,NA,NA
Ugashik,1953,NA,NA,NA
Ugashik,1954,NA,NA,NA
Ugashik,1955,NA,NA,NA
Ugashik,1956,NA,NA,NA
Ugashik,1957,NA,NA,NA
Ugashik,1958,NA,NA,NA
Ugashik,1959,NA,NA,NA
Ugashik,1960,0,NA,NA
Ugashik,1961,0,0,NA
Ugashik,1962,0.9194915242503584,0.9999999991195305,1
Ugashik,1963,0.6228836547685371,0.08050847574963164,8.804695373613538e-10
Ugashik,1964,0.6177667879458412,0.30774037966796886,9.86208684976614e-15
Ugashik,1965,0.6205328780171886,0.13812506037936984,0.006212349301650267
Ugashik,1966,0.7558838905033943,0.0990818729107761,2.7532017601826745e-16
Ugashik,1967,0.7466009032050069,0.04983834534279566,2.531763101609331e-4
Ugashik,1968,0.8313146087902885,0.17103994001558348,5.285878585818541e-15
Ugashik,1969,0.6713926110386589,0.059276558056041144,3.445789778843965e-14
Ugashik,1970,0.6688487813418509,0.20053326024779425,0.0010707205246471899
Ugashik,1971,0.42152050004850444,0.007350674543834452,3.2465187427376597e-15
Ugashik,1972,0.5227791736339464,0.15182620587643283,2.334523714571516e-16
Ugashik,1973,0.6535911442016293,0.09745676421531192,4.964851535148198e-4
Ugashik,1974,0.8605763099213155,0.29062589419032747,0.0030609979919566897
Ugashik,1975,0.6131343722364192,0.12630563896118618,2.512722892610156e-11
Ugashik,1976,0.8417610754005241,0.17735094130111442,0.002112420081278511
Ugashik,1977,0.2750602479380431,0.14918993102739167,0.002873150277390146
Ugashik,1978,0.8819514051224775,0.426708529512951,0.009048993568950189
Ugashik,1979,0.5299555345585438,0.08638767064647913,2.525867157582535e-13
Ugashik,1980,0.5270801352675734,0.08894676472291392,3.67273496716669e-15
Ugashik,1981,0.7194609861078956,0.06038300222275484,1.9152764614146402e-4
Ugashik,1982,0.5697100837757012,0.05071524710312929,2.8743239297339906e-4
Ugashik,1983,0.37954107775253054,0.21608487964939546,4.4815535892425744e-4
Ugashik,1984,0.6832530524778159,0.10380566165912986,6.578252765796371e-15
Ugashik,1985,0.6628722192828469,0.13701247725262336,7.565227298841533e-4
Ugashik,1986,0.5190930708731177,0.11693512842127794,1.6398578857394457e-4
Ugashik,1987,0.45566848763464046,0.3378680734961556,1.0531281471368161e-4
Ugashik,1988,0.8090040090251919,0.12565017955472813,0.001127355959088901
Ugashik,1989,0.5970704124756595,0.09277813968505882,5.259275619521491e-15
Ugashik,1990,0.6448945320370674,0.167437112299493,4.132751798145921e-4
Ugashik,1991,0.5317326492050709,0.28067713681507866,0.0020677693147655098
Ugashik,1992,0.5073565315126696,0.3398637300766108,0.0024569187870905305
Ugashik,1993,0.5938352062820225,0.3982528849855722,0.005510726177125001
Ugashik,1994,0.7240326677477446,0.21067028892538667,0.0016847774071216445
Ugashik,1995,0.6451896123766182,0.17230701294600922,1.7753082216202988e-4
Ugashik,1996,0.5641517243394448,0.04424564010903518,4.023873921829692e-4
Ugashik,1997,0.4894795460240714,0.2988651446714218,5.740429201813388e-4
Ugashik,1998,0.7047440658543792,0.2017862439271864,0.009161872595289031
Ugashik,1999,0.3225392745216758,0.11141310811590749,3.071660390382682e-4
Ugashik,2000,0.7996609706183916,0.01635806334663322,0.0016138726275419784
Ugashik,2001,0.7621033290706967,0.007433187651902279,1.3563608461807927e-4
Ugashik,2002,0.6630768453098227,0.14242573799369193,3.5840968832721496e-4
Ugashik,2003,0.5697798671366251,0.19233888879000827,6.993784733760529e-4
Ugashik,2004,0.5480340653632504,0.08004793494872033,4.348754088213619e-15
Ugashik,2005,0.7184309590946719,0.02283065522006192,8.694578292447768e-4
Ugashik,2006,0.5377060699033118,0.09715867162927587,1.5158527700809902e-15
Ugashik,2007,0.24622857353388378,0.008538785907203873,3.8875328697042175e-4
Ugashik,2008,0.6249907780194053,0.01160002414244891,7.143195031750804e-16
Ugashik,2009,0.6627030855976659,0.08076354786430501,4.9128980228794115e-16
Ugashik,2010,0.5916346914215438,0.1698682911013941,1.134180423360929e-15
Ugashik,2011,0.5184283000775911,0.06781260040364318,5.128294333530826e-4
Ugashik,2012,0.6521673324721059,0.05808200052739501,1.8091048302407728e-8
Ugashik,2013,0.46966188339664294,0.012859604141503283,1.3928384675532624e-7
Ugashik,2014,0.5829451033887108,0.13479697154184112,0
Ugashik,2015,0.5028376591638205,0.1343756112123228,0.001158843048198521
Ugashik,2016,0.37797612112890194,0.07472442222595883,1.1591821619062696e-6
Ugashik,2017,0.34469554893154253,0.015306814160244757,7.362252184734464e-4
Ugashik,2018,0.37666557915333637,0.005723337246449507,6.696693344451886e-9
Ugashik,2019,0.4631445943042216,0.007025579379480396,0
Ugashik,2020,0.5333678597037412,0.07828167522553632,1.706438227659765e-6
Ugashik,2021,0.4374672534575589,0.03634310366138724,7.589835437663433e-13
Ugashik,2022,0.6989367493828257,0.07384928065330741,1.4800320714925997e-11
Ugashik,2023,0,0,0
Ugashik,2024,0,0,0
Ugashik,2025,0,0,0
Wood,1948,NA,NA,NA
Wood,1949,NA,NA,NA
Wood,1950,NA,NA,NA
Wood,1951,NA,NA,NA
Wood,1952,NA,NA,NA
Wood,1953,NA,NA,NA
Wood,1954,NA,NA,NA
Wood,1955,NA,NA,NA
Wood,1956,NA,NA,NA
Wood,1957,NA,NA,NA
Wood,1958,NA,NA,NA
Wood,1959,NA,NA,NA
Wood,1960,NA,NA,NA
Wood,1961,0,NA,NA
Wood,1962,0.9588313902658705,1,NA
Wood,1963,0.4462073918025521,0.04116860973412953,0
Wood,1964,0.37788507511035496,0.022750494069127353,0
Wood,1965,0.852472970657969,0.033894391258286444,0
Wood,1966,0.3432472463164222,0.015523447152515569,0
Wood,1967,0.6129678924157138,0.028820031262052143,4.05934331562771e-4
Wood,1968,0.5492661185801666,0.024093851534868194,1.5660156608167765e-4
Wood,1969,0.5916139529381933,0.0628573650051453,4.98617298603321e-4
Wood,1970,0.548132039792454,0.11065350680072686,0
Wood,1971,0.35180504791217404,0.03043785524761331,0
Wood,1972,0.49324977125434155,0.09340723852786686,2.4653252153678256e-4
Wood,1973,0.830331074821659,0.022643124813161972,0
Wood,1974,0.4538514215294012,0.10634940777527692,0
Wood,1975,0.5939603538375315,0.018855569987377006,0
Wood,1976,0.347187172283048,0.07800419611181265,0
Wood,1977,0.8209741918297128,0.04250252741948813,0
Wood,1978,0.4008425332397025,0.017113820985280904,0
Wood,1979,0.5338855048806164,0.018421208002420822,0
Wood,1980,0.5505328158570018,0.17568522810296516,0
Wood,1981,0.6538382462211052,0.04551117137640728,0
Wood,1982,0.5497771652927906,0.0075790657689623845,5.081453612144325e-4
Wood,1983,0.4214578757414226,0.04057423137355683,0
Wood,1984,0.600205739612665,0.006459375465094704,0
Wood,1985,0.6519830208424892,0.07895031798636185,0
Wood,1986,0.7260854117409972,0.07295169499764526,0
Wood,1987,0.41136296733503075,0.016499523552852956,0
Wood,1988,0.7125042316400391,0.035009347330460835,0
Wood,1989,0.565233929352021,0.022836456064303606,0
Wood,1990,0.6738158185289296,0.008571326863790215,0
Wood,1991,0.3781938655588988,0.023714716792435222,2.5517154033859147e-4
Wood,1992,0.5101468653354742,0.044136168730159214,0
Wood,1993,0.4831903180582515,0.01756581656439133,1.3781498613874043e-14
Wood,1994,0.599262820294909,0.009633843367703976,2.3847241065236868e-4
Wood,1995,0.5267709257893898,0.0757054513338777,0
Wood,1996,0.445671052339187,0.021550332477779696,4.3039745242825107e-4
Wood,1997,0.42111684030948815,0.01017673741478053,2.161715297890779e-5
Wood,1998,0.4727849159826843,0.05081337600057651,2.603459258558444e-4
Wood,1999,0.42506022327049725,0.01732365697659498,0
Wood,2000,0.5825601487481532,0.006381482040663518,0
Wood,2001,0.6298010781222375,0.005133613880991624,0
Wood,2002,0.5364379155522722,0.20465940216192585,0
Wood,2003,0.5353697332728484,0.020415180561706065,1.69441341462983e-4
Wood,2004,0.4617874299652558,0.05652501880370538,4.5789156027109816e-5
Wood,2005,0.72907678779405,0.08441525199196055,0
Wood,2006,0.28036774825296634,0.009092098449926278,3.6011836675542884e-13
Wood,2007,0.34159310652692554,0.004976752319137502,0
Wood,2008,0.4934824491182059,0.016401197609421082,0
Wood,2009,0.6098744781849849,0.019929405630731777,0
Wood,2010,0.42022865229312323,0.015651532269976506,0
Wood,2011,0.46734375871812106,0.00860473390302047,4.418417350235325e-5
Wood,2012,0.5664245610734363,0.012697713024434992,0
Wood,2013,0.6089945042764302,0.027239917177307574,0
Wood,2014,0.309228510835796,0.018277275991934003,3.185946969166569e-4
Wood,2015,0.5251095804594418,0.010095784916349321,1.485072545470867e-4
Wood,2016,0.3094464729846416,3.891281114503201e-4,5.447601616138892e-4
Wood,2017,0.19623168194424917,8.202579956459829e-15,1.6151878042595496e-4
Wood,2018,0.16821643331284608,0.0042145155931573725,0
Wood,2019,0.2150639488463208,5.223120448049146e-4,0
Wood,2020,0.19362199405556352,0.007296189514543351,1.28538710923702e-13
Wood,2021,0.27809314729679124,0.026426854420997386,3.022594642717964e-13
Wood,2022,0.44210192857402875,0.06063077962715622,4.0910436310804206e-13
Wood,2023,0,0,0
Wood,2024,0,0,0
Wood,2025,0,0,0
