System,Stock,BroodYear,Age 1,Age 2,Age 3,Age 4,Age 5,Age 6,Age 7,
Bristol_Bay,Alagnak,1955,NA,#VALUE!,#VALUE!,#VALUE!,#VALUE!,#VALUE!,0,
Bristol_Bay,Alagnak,1956,NA,#VALUE!,#VALUE!,#VALUE!,#VALUE!,#VALUE!,0,
Bristol_Bay,Alagnak,1957,NA,#VALUE!,#VALUE!,#VALUE!,13499.39879,8.97384E-10,0,
Bristol_Bay,Alagnak,1958,NA,#VALUE!,#VALUE!,33338.89214,8577.297063,1.56491E-06,0,
Bristol_Bay,Alagnak,1959,NA,#VALUE!,331299.9901,624975.8918,51511.69269,6.47275E-09,0,
Bristol_Bay,Alagnak,1960,NA,0,121361.3428,283363.2827,43428.89416,1312.321188,0,
Bristol_Bay,Alagnak,1961,0,4468.518671,51020.31885,239069.7001,3.21875E-09,1.0735E-09,0,
Bristol_Bay,Alagnak,1962,0,11965.31397,110266.2436,106511.3552,23385.62793,1.61778E-09,0,
Bristol_Bay,Alagnak,1963,0,0,231416.9328,182637.1845,819.2109868,2.15681E-09,0,
Bristol_Bay,Alagnak,1964,0,6377.297622,99530.70308,202974.3894,73017.51291,4.55316E-09,0,
Bristol_Bay,Alagnak,1965,0,8480.041847,110832.8883,117388.1208,23027.85724,1.65844E-09,0,
Bristol_Bay,Alagnak,1966,0,9662.46649,304544.0937,242565.0796,8812.22642,1.6209E-09,0,
Bristol_Bay,Alagnak,1967,0,5829.784087,263146.4856,111362.6331,9009.86507,4.46314E-10,0,
Bristol_Bay,Alagnak,1968,0,8554.101951,182414.4477,53189.54172,5033.994577,0,0,
Bristol_Bay,Alagnak,1969,0,7.08522E-09,1353.562585,163285.7012,15545.36038,4.9583E-09,0,
Bristol_Bay,Alagnak,1970,0,4.46385E-10,78027.48004,66811.29438,802.9801249,2.05419E-09,0,
Bristol_Bay,Alagnak,1971,0,1232.554603,28837.9158,86326.9733,207343.1732,6.41146E-09,0,
Bristol_Bay,Alagnak,1972,0,1462.131056,70319.71726,27572.16095,24813.54735,1011.868203,0,
Bristol_Bay,Alagnak,1973,0,1.0279E-09,2.79353E-08,360384.7092,68889.75424,7.59686E-09,0,
Bristol_Bay,Alagnak,1974,0,6.41137E-09,724492.0298,1551297.185,1867.329981,83665.26528,0,
Bristol_Bay,Alagnak,1975,0,0,1.13897E-07,529475.6295,492798.3956,13252.07246,0,
Bristol_Bay,Alagnak,1976,0,6.26296E-08,77258.94569,157897.4174,94648.79976,2.29134E-08,0,
Bristol_Bay,Alagnak,1977,0,163393.6919,3286.812066,689174.6394,145046.2347,14903.46447,0,
Bristol_Bay,Alagnak,1978,0,0,561752.3807,1539174.262,58120.74624,1757.742072,0,
Bristol_Bay,Alagnak,1979,0,0,965451.2165,1128731.4,14173.23019,16536.78176,0,
Bristol_Bay,Alagnak,1980,0,0,4639.555523,638455.4406,7.9853E-08,131.8850177,0,
Bristol_Bay,Alagnak,1981,0,0,174414.6562,1008291.548,1.30022E-07,5.29329E-09,0,
Bristol_Bay,Alagnak,1982,0,9.26299E-08,6006.848242,767481.155,3.47599E-08,1.04002E-08,0,
Bristol_Bay,Alagnak,1983,0,6508.426705,12695.2073,434065.1723,1247.161118,3.87806E-08,0,
Bristol_Bay,Alagnak,1984,0,560.9568253,410254.5147,1252501.579,797262.7192,2088.285455,0,
Bristol_Bay,Alagnak,1985,1.96779e-08,6814.911564,125621.026,792074.1818,720017.3639,7367.116486,0,
Bristol_Bay,Alagnak,1986,0,2.07504E-07,1.73825E-07,957270.3902,1066241.369,865.2218988,0,
Bristol_Bay,Alagnak,1987,0,3.87727E-08,8.43719E-08,394531.9947,375877.0369,8799.426544,0,
Bristol_Bay,Alagnak,1988,0,1.45216E-08,2.62664E-08,1253987.353,19833.51353,2.47499E-08,0,
Bristol_Bay,Alagnak,1989,0,7.12956E-09,712704.8419,2015213.506,12148.05425,2.68214E-08,0,
Bristol_Bay,Alagnak,1990,0,100366.2567,3138.081058,1174355.523,4214.611001,1758.577045,0,
Bristol_Bay,Alagnak,1991,0,23838.29849,1012274.363,2341905.265,56231.16229,1590.208647,0,
Bristol_Bay,Alagnak,1992,0,6.8951E-09,35663.28234,151180.9551,3.60579E-08,1.01546E-08,0,
Bristol_Bay,Alagnak,1993,0,3.01197E-08,11920.48832,1183975.024,311081.1624,7.06308E-09,0,
Bristol_Bay,Alagnak,1994,0,593413.3835,1616.278774,689722.9947,279022.2721,5.36897E-09,0,
Bristol_Bay,Alagnak,1995,0,0,2028132.493,1863766.318,4396.098531,66.43977631,0,
Bristol_Bay,Alagnak,1996,0,0,40387.31041,1168872.912,212039.4996,54.02626523,268.6760069,
Bristol_Bay,Alagnak,1997,0,5994.053232,1937.826808,711197.4244,661806.6952,47.01238787,0,
Bristol_Bay,Alagnak,1998,0,11639.27761,17998.77729,2691536.661,56605.43423,10148.83633,0,
Bristol_Bay,Alagnak,1999,0,10.80525311,802355.8092,1859244.145,1054244.508,5.43992E-09,0,
Bristol_Bay,Alagnak,2000,0,2051.167747,5559727.833,4042216.796,147338.8034,10653.82658,0,
Bristol_Bay,Alagnak,2001,0,39954.21287,128239.5991,1404239.444,104750.3684,6.56116E-09,0,
Bristol_Bay,Alagnak,2002,0,14.67583275,1780646.844,1904191.19,42634.80147,9.94037E-09,0,
Bristol_Bay,Alagnak,2003,0,2.69082E-09,2760468.649,3802688.745,138290.0536,3.28599E-09,0,
Bristol_Bay,Alagnak,2004,0,1822.475449,860687.9083,1487739.356,164209.6571,3.12541E-09,0,
Bristol_Bay,Alagnak,2005,0,3.31376E-09,741790.3126,1982843.201,115314.1855,5.13387E-09,0,
Bristol_Bay,Alagnak,2006,0,1340.206556,666876.1427,1632673.39,138944.5387,384.6725895,0,
Bristol_Bay,Alagnak,2007,0,1625.25589,500487.0254,1580991.78,126475.2827,86.26024185,0,
Bristol_Bay,Alagnak,2008,0,827.0698279,507106.4081,1342417.575,74374.3515,100.5674702,0,
Bristol_Bay,Alagnak,2009,0,0,461252.0894,810666.059,133248.1001,0,0,
Bristol_Bay,Alagnak,2010,0,1.76791E-08,735795.518,4983809.586,779461.0901,8.91642E-09,0,
Bristol_Bay,Alagnak,2011,0,119.8535513,3087316.947,3032214.008,48135.1566,0.254286212,0,
Bristol_Bay,Alagnak,2012,0,39747.72016,1123765.344,1636971.508,27820.7579,201.2934679,0,
Bristol_Bay,Alagnak,2013,0,2701.893556,2677120.72,1238487.284,9979.550649,0.019519612,1.05131e-06,
Bristol_Bay,Alagnak,2014,0,68087.60633,1604342.402,610794.8293,1067.88622,0,1.04232e-06,
Bristol_Bay,Alagnak,2015,0,2697.793179,1230186.495,2713599.723,738675.1514,1.038758902,1.01553e-06,
Bristol_Bay,Alagnak,2016,0,4174.728164,1839803.776,3060067.971,174085.7215,5572.857989,NA,
Bristol_Bay,Alagnak,2017,0,6736.57857,2325576.443,3350401.352,849640.1635,0.000160087,NA,
Bristol_Bay,Alagnak,2018,0,0.00020222,1106969.185,1213931.856,#VALUE!,#VALUE!,NA,
Bristol_Bay,Alagnak,2019,1.05162e-06,8045.043922,474456.845,#VALUE!,#VALUE!,#VALUE!,NA,
Bristol_Bay,Alagnak,2020,1.04248e-06,1427.333218,#VALUE!,#VALUE!,#VALUE!,#VALUE!,NA,
Bristol_Bay,Alagnak,2021,1.0156e-06,#VALUE!,#VALUE!,#VALUE!,#VALUE!,#VALUE!,NA,
Bristol_Bay,Alagnak,2022,NA,#VALUE!,#VALUE!,#VALUE!,#VALUE!,#VALUE!,NA,
Bristol_Bay,Alagnak,2023,NA,#VALUE!,#VALUE!,#VALUE!,#VALUE!,#VALUE!,NA,
Bristol_Bay,Egegik,1955,NA,#VALUE!,#VALUE!,#VALUE!,#VALUE!,#VALUE!,0,
Bristol_Bay,Egegik,1956,NA,#VALUE!,#VALUE!,#VALUE!,#VALUE!,#VALUE!,0,
Bristol_Bay,Egegik,1957,NA,#VALUE!,#VALUE!,#VALUE!,796121.6483,15612.09807,0,
Bristol_Bay,Egegik,1958,NA,#VALUE!,#VALUE!,1127177.984,318964.5209,77749.25351,0,
Bristol_Bay,Egegik,1959,NA,#VALUE!,52948.04272,1401648.208,647106.6209,1945.994688,0,
Bristol_Bay,Egegik,1960,NA,0,214239.4151,4474627.842,2391645.517,20433.27421,0,
Bristol_Bay,Egegik,1961,0,2.77222E-05,47269.2128,487820.2382,943907.9785,38323.95037,0,
Bristol_Bay,Egegik,1962,0,6.37965E-09,3952.021247,736646.3012,337233.2013,8495.785329,0,
Bristol_Bay,Egegik,1963,0,0,5955.77039,599244.1679,381197.7489,15424.9167,0,
Bristol_Bay,Egegik,1964,0,228.7945009,67003.75946,1571336.92,295036.5443,7474.647841,0,
Bristol_Bay,Egegik,1965,0,8.04382E-10,48755.91493,1496721.268,819197.4101,4276.189397,0,
Bristol_Bay,Egegik,1966,0,2.0616E-09,146136.4533,1113582.962,791877.0811,23810.6545,0,
Bristol_Bay,Egegik,1967,0,0,59043.73915,937441.57,631570.9686,6674.50026,0,
Bristol_Bay,Egegik,1968,0,1.65091E-09,21405.6419,137200.4492,200828.1812,3374.833982,0,
Bristol_Bay,Egegik,1969,0,2.17535E-07,12095.65641,1193907.426,1549724.625,17621.80638,0,
Bristol_Bay,Egegik,1970,0,3.44384E-09,106126.7894,646804.7927,415534.0341,1.33106E-06,0,
Bristol_Bay,Egegik,1971,0,1.38747E-09,24519.76002,1289361.414,1322611.355,34118.74165,146.6998916,
Bristol_Bay,Egegik,1972,0,2.40289E-09,1.68539E-07,1604517.461,1291411.252,64037.19912,0,
Bristol_Bay,Egegik,1973,0,6.24691E-08,35476.33895,660775.8693,748114.8987,13973.32821,0,
Bristol_Bay,Egegik,1974,0,1443.113839,62068.15395,1755106.176,620228.682,7319.104694,0,
Bristol_Bay,Egegik,1975,0,0,62364.39443,2385299.065,589725.3927,2462.324146,0,
Bristol_Bay,Egegik,1976,0,147.6728901,434550.0755,3224745.484,821031.4576,2779.915368,0,
Bristol_Bay,Egegik,1977,0,2322.479472,824851.962,2563630.151,769091.508,8.89481E-09,0,
Bristol_Bay,Egegik,1978,0,0,394738.9711,7012984.91,2498585.726,7713.939666,0,
Bristol_Bay,Egegik,1979,0,2849.181783,659361.3319,2199771.47,1176188.836,8592.791197,0,
Bristol_Bay,Egegik,1980,0,4869.711216,752354.0239,6506610.987,958583.4384,1570.460021,0,
Bristol_Bay,Egegik,1981,0,0,638517.3518,3315851.518,1479603.507,2.48806E-09,0,
Bristol_Bay,Egegik,1982,0,1756.189742,1228081.338,3618115.51,1586094.262,7613.497426,0,
Bristol_Bay,Egegik,1983,0,2413.376428,1287026.343,6037724.897,3459343.316,1027.908893,0,
Bristol_Bay,Egegik,1984,0,484.083257,485259.5355,5885656.446,5349184.103,25124.64109,0,
Bristol_Bay,Egegik,1985,2.47291e-09,872.1864466,460023.3488,4801500.413,1109354.931,45771.98304,0,
Bristol_Bay,Egegik,1986,0,1408.972508,2428368.547,7308388.634,4373920.91,10931.96937,0,
Bristol_Bay,Egegik,1987,0,1249.523143,770778.9535,13101352.52,11747928.01,95046.46894,0,
Bristol_Bay,Egegik,1988,0,1175.825133,404787.2645,12170912.33,6721564.684,110134.0881,0,
Bristol_Bay,Egegik,1989,0,4.57112E-09,236661.049,5432754.253,4436226.688,166701.7337,0,Returns 
Bristol_Bay,Egegik,1990,0,5.10528E-09,467016.7866,9542367.776,5999126.365,28841.317,0,
Bristol_Bay,Egegik,1991,0,5887.595743,1228327.663,6098518.928,2608132.186,51807.43111,0,
Bristol_Bay,Egegik,1992,955.073498,1305.675489,289710.797,5116156.424,3231811.455,8095.949615,0,
Bristol_Bay,Egegik,1993,0,3.2136E-09,148163.6832,1129489.347,654507.2449,28707.24887,0,
Bristol_Bay,Egegik,1994,0,7862.785085,316654.1533,4299185.074,3326084.717,3873.718549,0,
Bristol_Bay,Egegik,1995,0,3546.446282,1498311.196,4422874.281,1569491.861,29692.18504,0,
Bristol_Bay,Egegik,1996,0,363.4245249,415866.3295,1931352.164,1801518.633,28657.17151,0.213015656,
Bristol_Bay,Egegik,1997,0,0,35906.38801,3681161.569,2303188.428,12227.06476,0,
Bristol_Bay,Egegik,1998,0,1.580769488,32983.91322,567284.1707,669233.9402,42796.77115,0,
Bristol_Bay,Egegik,1999,0,0.386150113,334113.7647,9603059.335,3054411.952,1010.222732,0,
Bristol_Bay,Egegik,2000,0,542.222256,1327579.013,5978825.747,4699809.216,12988.21522,0,
Bristol_Bay,Egegik,2001,0,0,340315.0609,2384879.763,2060480.369,31213.2888,0,
Bristol_Bay,Egegik,2002,0,27641.40979,1497084.129,3253789.954,513699.9387,504.739294,0,
Bristol_Bay,Egegik,2003,0,19080.61442,2026114.432,4479426.501,2269681.322,4.4386E-08,0,
Bristol_Bay,Egegik,2004,0,23434.37136,2829654.252,9484515.592,1794293.949,7213.108507,0,
Bristol_Bay,Egegik,2005,0,4350.028203,507654.536,3069270.18,2584848.563,7782.955486,0,
Bristol_Bay,Egegik,2006,0,7819.500355,266104.3963,1886280.143,1402219.534,18903.81431,0,
Bristol_Bay,Egegik,2007,0,8768.602126,124956.2651,3809297.863,2479243.101,11552.74315,0,
Bristol_Bay,Egegik,2008,0,317.0901761,689719.112,2197334.335,944065.1173,20163.41156,0,
Bristol_Bay,Egegik,2009,0,5486.43361,427433.3502,3260432.316,814468.5079,0,0,
Bristol_Bay,Egegik,2010,0,10191.8428,812889.7445,6675252.423,2400139.659,8.87738E-09,0,
Bristol_Bay,Egegik,2011,0,43760.45577,979654.8292,4998904.897,3321528.971,12913.10571,0,
Bristol_Bay,Egegik,2012,0,38196.98515,2330663.334,6056726.572,1143945.663,19659.49553,0,
Bristol_Bay,Egegik,2013,0,162141.3582,2947640.701,2415083.245,495706.806,2316.16283,1.05545e-06,
Bristol_Bay,Egegik,2014,0,102285.9826,2230346.149,3286205.688,199621.4745,0,1.04771e-06,
Bristol_Bay,Egegik,2015,0,295277.6184,11620432.49,13273276.22,279852.8921,0.002711393,1.01691e-06,
Bristol_Bay,Egegik,2016,0,29390.8852,1942607.258,2499149.131,740798.5334,3.13764E-06,NA,
Bristol_Bay,Egegik,2017,0,181713.5826,4295097.986,11404282.39,6858131.45,0.000251963,NA,
Bristol_Bay,Egegik,2018,0,294139.3547,5970094.826,7458972.46,#VALUE!,#VALUE!,NA,
Bristol_Bay,Egegik,2019,1.04953e-06,36671.88404,405912.2002,#VALUE!,#VALUE!,#VALUE!,NA,
Bristol_Bay,Egegik,2020,1.04152e-06,91287.91376,#VALUE!,#VALUE!,#VALUE!,#VALUE!,NA,
Bristol_Bay,Egegik,2021,1.01548e-06,#VALUE!,#VALUE!,#VALUE!,#VALUE!,#VALUE!,NA,
Bristol_Bay,Egegik,2022,NA,#VALUE!,#VALUE!,#VALUE!,#VALUE!,#VALUE!,NA,
Bristol_Bay,Egegik,2023,NA,#VALUE!,#VALUE!,#VALUE!,#VALUE!,#VALUE!,NA,
Bristol_Bay,Igushik,1955,NA,#VALUE!,#VALUE!,#VALUE!,#VALUE!,#VALUE!,0,
Bristol_Bay,Igushik,1956,NA,#VALUE!,#VALUE!,#VALUE!,#VALUE!,#VALUE!,0,
Bristol_Bay,Igushik,1957,NA,#VALUE!,#VALUE!,#VALUE!,9213.010555,0,0,
Bristol_Bay,Igushik,1958,NA,#VALUE!,#VALUE!,51358.8999,13488.27968,0,0,
Bristol_Bay,Igushik,1959,NA,#VALUE!,75778.78687,135653.7366,16193.66688,0,0,
Bristol_Bay,Igushik,1960,NA,6.07241E-10,41912.07342,252607.8839,29630.30183,0,0,
Bristol_Bay,Igushik,1961,0,6.37365E-10,28451.54399,262777.1392,9513.939215,0,0,
Bristol_Bay,Igushik,1962,0,0,17670.98112,205905.2074,5541.260554,0,0,
Bristol_Bay,Igushik,1963,0,0,196849.7453,159764.0672,11591.30955,5.21622E-09,0,
Bristol_Bay,Igushik,1964,0,104.711145,125081.2852,428996.4937,28877.0102,0,0,
Bristol_Bay,Igushik,1965,0,299.1034958,319406.4272,438371.6853,52842.31165,0,0,
Bristol_Bay,Igushik,1966,0,6.48701E-09,54400.73406,238028.394,8603.581648,0,0,
Bristol_Bay,Igushik,1967,0,356.184821,43908.67977,70744.5546,10735.4302,60.72088793,0,
Bristol_Bay,Igushik,1968,0,451.827891,48616.75757,102251.684,7602.449798,0,0,
Bristol_Bay,Igushik,1969,0,0,918.0123909,385586.7974,90217.4171,0,0,
Bristol_Bay,Igushik,1970,0,0,37408.1504,207555.8503,42459.39636,0,0,
Bristol_Bay,Igushik,1971,0,1.43932E-09,59570.54403,170854.1656,28990.38377,12.29802649,0,
Bristol_Bay,Igushik,1972,0,92.90775855,94683.76188,122463.7175,14809.08037,0,0,
Bristol_Bay,Igushik,1973,0,8.35076E-10,18519.55644,414553.5398,18926.67026,0,0,
Bristol_Bay,Igushik,1974,0,49.19210595,415708.2616,830017.5923,21354.84212,0,0,
Bristol_Bay,Igushik,1975,0,134.2386597,543521.4577,1954263.851,312983.803,0,0,
Bristol_Bay,Igushik,1976,0,1.78113E-09,417088.8529,847563.3497,89818.08413,0,0,
Bristol_Bay,Igushik,1977,0,773.4504809,177583.6521,590908.2279,61160.82731,196.365796,0,
Bristol_Bay,Igushik,1978,0,0,36010.96732,514491.2562,11772.69807,0,0,
Bristol_Bay,Igushik,1979,0,1.88576E-09,611508.3384,273749.1579,11218.29929,0,0,
Bristol_Bay,Igushik,1980,0,1.20438E-09,14270.16545,388460.7519,41072.24936,0,0,
Bristol_Bay,Igushik,1981,0,6.55516E-10,243467.3754,509525.883,85651.98711,0,0,
Bristol_Bay,Igushik,1982,0,1.34972E-09,57391.71047,279808.2603,9408.067906,0,0,
Bristol_Bay,Igushik,1983,0,1151.044864,105984.4172,253312.7647,30656.17557,0,0,
Bristol_Bay,Igushik,1984,8.16102e-10,5.75714E-10,30530.65358,471442.9731,19299.82672,0,0,
Bristol_Bay,Igushik,1985,0,7.35345E-10,401790.4036,689303.1843,47048.32407,1679.934919,0,
Bristol_Bay,Igushik,1986,0,2705.281093,165962.6724,1508933.254,22995.37983,808.8425606,0,
Bristol_Bay,Igushik,1987,0,1606.630721,88176.95419,340425.234,15305.85125,0,0,
Bristol_Bay,Igushik,1988,0,2.0486E-09,105973.282,485367.4195,23557.11624,1.27694E-09,0,
Bristol_Bay,Igushik,1989,0,144.8411438,216190.8646,741957.1135,33490.8634,0,0,
Bristol_Bay,Igushik,1990,0,211.3510989,141314.0412,979075.6511,108896.5094,0,0,
Bristol_Bay,Igushik,1991,0,9.57615E-10,171858.2894,800796.143,11284.36029,6.84015E-08,0,
Bristol_Bay,Igushik,1992,0,1.05696E-09,33003.24733,97048.6714,9509.319957,6.03769E-10,0,
Bristol_Bay,Igushik,1993,0,9.04072E-10,100425.5136,252887.3996,4861.505584,1.79285E-09,0,
Bristol_Bay,Igushik,1994,0,0,163636.9879,478394.4075,17921.33857,0,0,
Bristol_Bay,Igushik,1995,0,1.20754E-09,376061.8322,887786.993,14407.3286,0,0,
Bristol_Bay,Igushik,1996,0,0,77031.89642,801200.3297,8130.880002,0,0,
Bristol_Bay,Igushik,1997,0,0,3125.713634,61190.34175,35028.8887,63.13061022,0,
Bristol_Bay,Igushik,1998,0,1.22305E-09,130362.4573,396172.9114,9818.78581,2.86626E-09,0,
Bristol_Bay,Igushik,1999,0,0,60919.39732,205233.7613,96336.37904,1.12867E-09,1.2148e-09,
Bristol_Bay,Igushik,2000,0,9.94391E-10,53303.01363,672923.6319,41558.896,0,0,
Bristol_Bay,Igushik,2001,0,0,31827.31825,451012.9492,7263.183305,2.90946E-07,0,
Bristol_Bay,Igushik,2002,0,1.12847E-09,235172.3272,242881.9038,17150.77726,0,0,
Bristol_Bay,Igushik,2003,0,3.5153E-09,772529.8751,1275865.184,39683.20519,0,0,
Bristol_Bay,Igushik,2004,0,1.2148E-09,596355.8059,1219308.66,19755.89581,0,0,
Bristol_Bay,Igushik,2005,0,2.828E-09,326356.128,1199069.891,54412.16192,0,0,
Bristol_Bay,Igushik,2006,0,1.10618E-09,189045.3036,800803.7663,15417.30222,8.28205E-10,0,
Bristol_Bay,Igushik,2007,0,1.09164E-09,160642.1455,439085.705,8920.509317,0,0,
Bristol_Bay,Igushik,2008,0,1.17087E-07,52686.86093,551583.225,59575.63388,332.6576865,0,
Bristol_Bay,Igushik,2009,0,6.21154E-10,132117.4757,808175.2582,1804.566954,1.88522E-09,0,
Bristol_Bay,Igushik,2010,0,6.39023E-10,567822.6242,1133308.635,13439.10355,1.6443E-09,0,
Bristol_Bay,Igushik,2011,0,810.7439563,507823.4379,1471352.152,5114.893663,0,0,
Bristol_Bay,Igushik,2012,0,389.1844752,365542.4479,316518.0801,3629.093184,3.62428E-09,0,
Bristol_Bay,Igushik,2013,0,1.0962E-09,906912.9739,1181555.309,4293.604294,0,1.04104e-06,
Bristol_Bay,Igushik,2014,0,1765.77124,734903.9201,1120532.373,2.210540564,0,1.04071e-06,
Bristol_Bay,Igushik,2015,0,3.62428E-09,233250.3956,655309.5982,65389.54105,3.12312E-06,1.01131e-06,
Bristol_Bay,Igushik,2016,0,850.611166,555164.6475,943584.6151,10866.57555,3.12215E-06,NA,
Bristol_Bay,Igushik,2017,0,2072.551178,1014243.618,2310252.892,29350.18827,3.03393E-06,NA,
Bristol_Bay,Igushik,2018,0,8.68605E-05,664431.295,1046811.485,#VALUE!,#VALUE!,NA,
Bristol_Bay,Igushik,2019,1.04104e-06,668.4874122,303697.4239,#VALUE!,#VALUE!,#VALUE!,NA,
Bristol_Bay,Igushik,2020,1.04075e-06,5.1384E-05,#VALUE!,#VALUE!,#VALUE!,#VALUE!,NA,
Bristol_Bay,Igushik,2021,1.01131e-06,#VALUE!,#VALUE!,#VALUE!,#VALUE!,#VALUE!,NA,
Bristol_Bay,Igushik,2022,NA,#VALUE!,#VALUE!,#VALUE!,#VALUE!,#VALUE!,NA,
Bristol_Bay,Igushik,2023,NA,#VALUE!,#VALUE!,#VALUE!,#VALUE!,#VALUE!,NA,
Bristol_Bay,Kvichak,1955,NA,#VALUE!,#VALUE!,#VALUE!,#VALUE!,#VALUE!,0,
Bristol_Bay,Kvichak,1956,NA,#VALUE!,#VALUE!,#VALUE!,#VALUE!,#VALUE!,0,
Bristol_Bay,Kvichak,1957,NA,#VALUE!,#VALUE!,#VALUE!,205074.0764,1.8202E-09,0,
Bristol_Bay,Kvichak,1958,NA,#VALUE!,#VALUE!,172800.2254,65168.15539,0.00013628,0,
Bristol_Bay,Kvichak,1959,NA,#VALUE!,237464.2505,208489.0112,7687.679811,6.47311E-09,0,
Bristol_Bay,Kvichak,1960,NA,0,1906426.04,48204372.68,6296844.979,1.17257E-08,0,
Bristol_Bay,Kvichak,1961,0,1601.853559,415244.5551,2508901.279,652876.1222,4061.051299,0,
Bristol_Bay,Kvichak,1962,0,6.47348E-09,109786.7245,4853290.932,543814.1231,2310.747932,0,
Bristol_Bay,Kvichak,1963,0,0,31950.41409,1005550.911,336812.8381,3.36452E-09,0,
Bristol_Bay,Kvichak,1964,0,3244.007648,2400304.908,2902251.646,456646.4537,13901.69847,0,
Bristol_Bay,Kvichak,1965,0,23983.40613,10807493.06,33828473.31,1160738.887,1067.792568,0,
Bristol_Bay,Kvichak,1966,0,8191.42245,540663.2513,5454648.65,517436.3764,1.06225E-08,0,
Bristol_Bay,Kvichak,1967,0,0,359863.2411,1314162.728,110022.0011,1122.03837,0,
Bristol_Bay,Kvichak,1968,0,1788.213135,300687.4739,142572.3297,188330.5208,0,0,
Bristol_Bay,Kvichak,1969,0,1.45827E-07,156158.972,4798589.672,558877.7355,1945.550433,0,
Bristol_Bay,Kvichak,1970,0,611.2882161,74432.89434,15288252.31,1.24242E-08,1.01676E-08,0,
Bristol_Bay,Kvichak,1971,0,5.19982E-09,366195.0366,1573419.171,96670.92003,575.2656718,0,
Bristol_Bay,Kvichak,1972,0,4360.06811,1971913.287,1028557.086,243840.7362,2.957E-08,0,
Bristol_Bay,Kvichak,1973,0,3.26629E-09,535346.6538,1301657.036,366237.5111,3.80765E-09,0,
Bristol_Bay,Kvichak,1974,0,14322.32734,6367231.032,18772244.43,630609.5047,2.35056E-06,0,
Bristol_Bay,Kvichak,1975,0,6365.412611,5783213.011,31263430.73,386001.9149,2.78315E-09,0,
Bristol_Bay,Kvichak,1976,0,5347.496598,5994351.092,4482443.176,234181.2239,2.5462E-09,0,
Bristol_Bay,Kvichak,1977,0,43288.7338,2031786.088,892753.6844,121673.8782,1.11201E-08,0,
Bristol_Bay,Kvichak,1978,0,1122.308961,1628574.333,2435918.603,987655.4523,8.52322E-09,0,
Bristol_Bay,Kvichak,1979,0,56365.89768,18937904.8,20390593.06,3664906.09,1957.38722,0,
Bristol_Bay,Kvichak,1980,0,1374.281273,2552669.45,9676168.318,367100.68,2.1633E-09,0,
Bristol_Bay,Kvichak,1981,0,0,750465.4938,1151183.041,147140.098,2.51578E-09,0,
Bristol_Bay,Kvichak,1982,0,3.92481E-09,493255.8555,900023.9589,115965.7667,4.35593E-09,0,
Bristol_Bay,Kvichak,1983,0,909.0354531,9269980.401,4106247.044,390224.4377,2.43629E-08,0,
Bristol_Bay,Kvichak,1984,0,1.01373E-08,2626449.625,18997684.29,1663050.622,8089.704887,0,
Bristol_Bay,Kvichak,1985,968.7971361,11386.17689,1094911.714,15810636.49,1387337.035,7.73778E-09,0,
Bristol_Bay,Kvichak,1986,0,1587.560388,674943.454,2407954.003,1029975.41,9592.567471,0,
Bristol_Bay,Kvichak,1987,0,36268.68803,4803119.973,6476491.854,332249.9599,1.01885E-08,0,
Bristol_Bay,Kvichak,1988,0,14715.78171,3077418.324,5657753.09,455827.2737,9.75463E-09,0,
Bristol_Bay,Kvichak,1989,0,35161.65119,2066988.945,19409681.29,3289100.783,1.19905E-08,0,
Bristol_Bay,Kvichak,1990,0,7878.936072,1725698.648,22937180.47,1626783.695,6.52559E-09,0,
Bristol_Bay,Kvichak,1991,0,1129.577215,2196931.686,2190208.884,248979.556,1144.660179,0,
Bristol_Bay,Kvichak,1992,0,3450.156384,657447.9145,1052480.306,162224.4074,4.57068E-09,0,
Bristol_Bay,Kvichak,1993,0,229.6935826,1087766.395,1559606.237,482867.4333,1.59002E-08,0,
Bristol_Bay,Kvichak,1994,0,1846.666729,2071584.493,4982332.152,247199.1129,2.10366E-09,0,
Bristol_Bay,Kvichak,1995,0,17605.41184,7737952.022,2775204.369,104504.96,88.06039333,0,
Bristol_Bay,Kvichak,1996,0,0,547555.9391,1676120.206,36861.10163,1514.911961,7.908081475,
Bristol_Bay,Kvichak,1997,0,0,159452.7746,482532.7741,174133.37,62.24661518,0,
Bristol_Bay,Kvichak,1998,0,58.70692889,376580.4108,766006.2424,111854.515,123.4199367,0,
Bristol_Bay,Kvichak,1999,0,384.4125781,1061572.765,6094607.028,222149.3705,5.44686E-09,0,
Bristol_Bay,Kvichak,2000,0,15.5616538,1884685.438,2007409.994,369563.62,121.513842,0,
Bristol_Bay,Kvichak,2001,0,0,634728.8279,2872571.25,913964.6252,6.56129E-09,0,
Bristol_Bay,Kvichak,2002,0,3390.696935,2459317.908,1407673.328,10872.38689,9.94195E-09,0,
Bristol_Bay,Kvichak,2003,0,13815.50384,3595854.01,1217919.889,139041.0031,3.28316E-09,0,
Bristol_Bay,Kvichak,2004,0,0,4799243.539,5565589.653,554818.6673,3.12679E-09,0,
Bristol_Bay,Kvichak,2005,0,4315.98893,1254242.555,6560695.276,1762428.165,2.05498E-08,0,
Bristol_Bay,Kvichak,2006,0,2910.882719,3663815.124,3899111.946,749122.0835,1159.048707,0,
Bristol_Bay,Kvichak,2007,0,3.12874E-09,1566824.327,8830601.425,2386352.591,4544.698149,0,
Bristol_Bay,Kvichak,2008,0,0,2688159.725,3179147.535,712085.9135,15623.17165,0,
Bristol_Bay,Kvichak,2009,0,0,752740.9505,10733168.91,1409376.979,0,0,
Bristol_Bay,Kvichak,2010,0,3046.775774,6144004.763,18775352.9,855409.1914,8.91939E-09,0,
Bristol_Bay,Kvichak,2011,0,4590.981761,2890055.476,4742728.424,492250.0484,4.155219057,0,
Bristol_Bay,Kvichak,2012,0,29004.33643,8594696.093,3032156.296,145077.5922,883.4798498,0,
Bristol_Bay,Kvichak,2013,0,2615.712111,3716086.296,2827543.243,45401.53133,5.947629746,1.05084e-06,
Bristol_Bay,Kvichak,2014,0,9832.296449,4488949.052,2144731.851,17612.87666,0,1.04307e-06,
Bristol_Bay,Kvichak,2015,0,4226.637519,5743118.523,7187650.099,248333.9676,0.000348017,1.01567e-06,
Bristol_Bay,Kvichak,2016,0,3010.936654,2659890.632,2473121.935,176099.2639,3.13054E-06,NA,
Bristol_Bay,Kvichak,2017,0,1510.990943,6173176.826,7054595.806,1545609.64,1759.499811,NA,
Bristol_Bay,Kvichak,2018,0,12734.78653,6416570.52,5964142.67,#VALUE!,#VALUE!,NA,
Bristol_Bay,Kvichak,2019,1.05135e-06,2.08778E-06,1236472.043,#VALUE!,#VALUE!,#VALUE!,NA,
Bristol_Bay,Kvichak,2020,1.0445e-06,11391.81674,#VALUE!,#VALUE!,#VALUE!,#VALUE!,NA,
Bristol_Bay,Kvichak,2021,1.01582e-06,#VALUE!,#VALUE!,#VALUE!,#VALUE!,#VALUE!,NA,
Bristol_Bay,Kvichak,2022,NA,#VALUE!,#VALUE!,#VALUE!,#VALUE!,#VALUE!,NA,
Bristol_Bay,Kvichak,2023,NA,#VALUE!,#VALUE!,#VALUE!,#VALUE!,#VALUE!,NA,
Bristol_Bay,Nushagak,1955,NA,#VALUE!,#VALUE!,#VALUE!,#VALUE!,#VALUE!,0,
Bristol_Bay,Nushagak,1956,NA,#VALUE!,#VALUE!,#VALUE!,#VALUE!,#VALUE!,0,
Bristol_Bay,Nushagak,1957,NA,#VALUE!,#VALUE!,#VALUE!,5.17429E-08,0,0,
Bristol_Bay,Nushagak,1958,NA,#VALUE!,#VALUE!,377864.9667,38994.82768,0,0,
Bristol_Bay,Nushagak,1959,NA,#VALUE!,39869.80375,169013.8736,42226.38605,0,0,
Bristol_Bay,Nushagak,1960,NA,34662.90194,51365.84782,265000.4517,203132.505,0,0,
Bristol_Bay,Nushagak,1961,0,6980.330211,262194.6039,188787.7868,8209.963347,0,0,
Bristol_Bay,Nushagak,1962,0,12764.94012,19664.54965,77012.5518,43206.73972,0,0,
Bristol_Bay,Nushagak,1963,0,0.000459754,40442.48778,163474.0227,10924.06921,1.14481E-09,0,
Bristol_Bay,Nushagak,1964,0,13963.98959,9660.59503,67754.88008,1962.881511,0,0,
Bristol_Bay,Nushagak,1965,0,2116.995991,100074.3111,677562.3846,3.59171E-06,0,0,
Bristol_Bay,Nushagak,1966,0,5638.304748,174796.266,521131.1076,3.03455E-09,0,0,
Bristol_Bay,Nushagak,1967,0,11437.98235,153160.198,51983.92467,10450.9796,0.000246037,0,
Bristol_Bay,Nushagak,1968,0,1.00275E-07,35190.14661,301698.4392,7290.885803,0,0,
Bristol_Bay,Nushagak,1969,0,0,102321.8689,108736.0605,282634.4611,0,0,
Bristol_Bay,Nushagak,1970,0,2653.718361,131141.0519,757961.7837,97007.07367,0,0,
Bristol_Bay,Nushagak,1971,0,5026.814874,9603.114613,836271.0566,160097.926,0,0,
Bristol_Bay,Nushagak,1972,0,3598.443016,146263.497,910271.7773,87846.19194,0,0,
Bristol_Bay,Nushagak,1973,0,4045.622725,25301.72809,1295156.413,55685.42009,0,0,
Bristol_Bay,Nushagak,1974,0,1111.573674,4.96546E-06,347597.4705,34913.74906,0,0,
Bristol_Bay,Nushagak,1975,0,48829.06386,639484.1304,5102598.043,204237.5963,0,0,
Bristol_Bay,Nushagak,1976,0,6032.604678,252427.3768,3626182.204,467281.7881,0,0,
Bristol_Bay,Nushagak,1977,0,3.05972E-09,45373.76715,3092100.772,98614.02772,4.28499E-08,0,
Bristol_Bay,Nushagak,1978,0,1.15881E-08,434931.8289,1078792.882,4.91986E-08,0,0,
Bristol_Bay,Nushagak,1979,0,72863.20497,960080.4869,767683.4276,45525.50387,0,0,
Bristol_Bay,Nushagak,1980,0,22436.20696,542833.1234,514845.0107,130151.3577,0,0,
Bristol_Bay,Nushagak,1981,0,30303.8836,351608.153,1588467.581,5804.331395,6.68644E-09,0,
Bristol_Bay,Nushagak,1982,0,83664.6455,545388.4364,628121.9045,77973.51311,572.7557029,0,
Bristol_Bay,Nushagak,1983,0,115330.5524,736126.5388,660604.4942,36676.33145,0,0,
Bristol_Bay,Nushagak,1984,8.90188e-08,10147.15596,265334.9506,463017.6551,22747.58912,0,0,
Bristol_Bay,Nushagak,1985,0,85590.51352,596762.6514,705153.0158,29363.74558,0,0,
Bristol_Bay,Nushagak,1986,0,94281.42286,902010.6594,845195.8087,250266.1875,6.60074E-09,0,
Bristol_Bay,Nushagak,1987,0,174614.9908,700887.1225,893960.9091,134038.3251,819.518467,0,
Bristol_Bay,Nushagak,1988,0,53519.95053,657149.7345,1767226.553,79442.38558,1954.926164,0,
Bristol_Bay,Nushagak,1989,0,87497.34276,569884.6721,714713.5248,26626.53055,0,0,
Bristol_Bay,Nushagak,1990,0,108080.0633,626418.2465,418615.4629,30223.17626,0,0,
Bristol_Bay,Nushagak,1991,0,13934.21823,262819.8593,1080271.897,134455.6719,5910.238008,0,
Bristol_Bay,Nushagak,1992,0,102933.0352,471172.8216,577733.394,60734.84716,2.15502E-09,0,
Bristol_Bay,Nushagak,1993,0,41500.76197,97836.54089,829387.5735,105553.3101,1.08733E-09,0,
Bristol_Bay,Nushagak,1994,0,1711.028126,98798.49006,283362.9716,42042.70418,0,0,
Bristol_Bay,Nushagak,1995,0,2639.007725,62890.76412,938787.2013,194160.074,0,0,
Bristol_Bay,Nushagak,1996,0,0,363788.3909,1862052.644,109671.4,0,0,
Bristol_Bay,Nushagak,1997,0,0,37572.18941,427180.0517,76408.04372,0,0,
Bristol_Bay,Nushagak,1998,0,5.3109E-09,154933.5932,2245221.157,265343.5918,3141.628384,0,
Bristol_Bay,Nushagak,1999,0,0,88030.56957,1553514.41,112184.5717,5.12535E-09,3.06543e-09,
Bristol_Bay,Nushagak,2000,0,1.00205E-09,240487.4919,3304386.355,388484.5962,0,0,
Bristol_Bay,Nushagak,2001,0,0,256405.3752,2124329.477,281745.2732,5298.807468,0,
Bristol_Bay,Nushagak,2002,0,1.71084E-09,211223.8739,1793800.822,78210.60355,363.3735773,0,
Bristol_Bay,Nushagak,2003,0,7788.324051,388618.2029,1562052.924,238699.0517,0,0,
Bristol_Bay,Nushagak,2004,0,1.22614E-09,261419.2993,1479884.127,94872.24124,0,0,
Bristol_Bay,Nushagak,2005,0,7436.309533,359162.589,993629.1792,58013.32537,0,0,
Bristol_Bay,Nushagak,2006,0,1.11274E-09,112019.281,1023936.926,101636.7259,3.16367E-09,0,
Bristol_Bay,Nushagak,2007,0,5729.958633,84519.72472,760443.2783,61442.93623,0,0,
Bristol_Bay,Nushagak,2008,0,1273.498795,174503.8505,1839534.477,154557.952,0,0,
Bristol_Bay,Nushagak,2009,0,1625.183573,109231.3107,1148625.35,25691.45344,3.79681E-09,0,
Bristol_Bay,Nushagak,2010,0,1.62059E-09,207665.3945,2225141.149,19747.36484,3.32415E-09,0,
Bristol_Bay,Nushagak,2011,0,1.04496E-09,225027.596,2064021.015,139868.1183,0,0,
Bristol_Bay,Nushagak,2012,0,9.49334E-10,486266.8208,4460341.732,167720.2921,5.4574E-09,0,
Bristol_Bay,Nushagak,2013,0,5632.105466,3586570.85,8299703.855,98334.7717,0,1.05496e-06,
Bristol_Bay,Nushagak,2014,0,12587.68217,1124540.617,3696221.326,36529.86301,0,1.04802e-06,
Bristol_Bay,Nushagak,2015,0,10214.1696,504910.7431,1881443.3,72908.05782,9404.651254,1.01696e-06,
Bristol_Bay,Nushagak,2016,0,7129.228087,1701541.749,6402048.301,206345.5501,3.14404E-06,NA,
Bristol_Bay,Nushagak,2017,0,6001.989105,8584678.539,14446281.87,422317.5278,3552.476139,NA,
Bristol_Bay,Nushagak,2018,0,4749.086401,1678136.256,4709747.364,#VALUE!,#VALUE!,NA,
Bristol_Bay,Nushagak,2019,1.05503e-06,2781.577347,298331.5238,#VALUE!,#VALUE!,#VALUE!,NA,
Bristol_Bay,Nushagak,2020,1.04796e-06,14671.211,#VALUE!,#VALUE!,#VALUE!,#VALUE!,NA,
Bristol_Bay,Nushagak,2021,1.01696e-06,#VALUE!,#VALUE!,#VALUE!,#VALUE!,#VALUE!,NA,
Bristol_Bay,Nushagak,2022,NA,#VALUE!,#VALUE!,#VALUE!,#VALUE!,#VALUE!,NA,
Bristol_Bay,Nushagak,2023,NA,#VALUE!,#VALUE!,#VALUE!,#VALUE!,#VALUE!,NA,
Bristol_Bay,Naknek,1955,NA,#VALUE!,#VALUE!,#VALUE!,#VALUE!,#VALUE!,0,
Bristol_Bay,Naknek,1956,NA,#VALUE!,#VALUE!,#VALUE!,#VALUE!,#VALUE!,0,
Bristol_Bay,Naknek,1957,NA,#VALUE!,#VALUE!,#VALUE!,564421.5417,225.0611597,0,
Bristol_Bay,Naknek,1958,NA,#VALUE!,#VALUE!,737362.9114,102968.8331,1.24517E-05,0,
Bristol_Bay,Naknek,1959,NA,#VALUE!,494521.4941,763192.8469,266999.3014,2792.632174,0,
Bristol_Bay,Naknek,1960,NA,0,1077233.496,835598.1664,1445878.064,3.68403E-09,0,
Bristol_Bay,Naknek,1961,0,3.18734E-08,116507.5463,1302644.306,729294.5803,1605.408792,0,
Bristol_Bay,Naknek,1962,0,169.7181222,136264.1249,658249.0759,311652.5619,3444.179912,0,
Bristol_Bay,Naknek,1963,0,0,165159.0969,1117157.111,424519.8964,2.15393E-09,0,
Bristol_Bay,Naknek,1964,0,742.7519367,376952.2166,1531714.275,314121.5759,4.55606E-09,0,
Bristol_Bay,Naknek,1965,0,12877.18531,671496.1249,1454879.743,515515.3969,6.65769E-09,0,
Bristol_Bay,Naknek,1966,0,13371.02356,920517.7749,2782687.252,488527.7926,6.75583E-09,0,
Bristol_Bay,Naknek,1967,0,0,356246.3517,853446.1731,342019.3721,518.5604461,0,
Bristol_Bay,Naknek,1968,0,3584.572215,126410.3712,290868.3045,217448.8467,456.551926,0,
Bristol_Bay,Naknek,1969,0,2.24388E-07,50254.94049,1077173.968,1009915.592,7.4517E-09,0,
Bristol_Bay,Naknek,1970,0,597.4398173,179339.1853,1831303.538,522339.0648,6433.60652,0,
Bristol_Bay,Naknek,1971,0,224.9247119,366992.9598,2407827.638,1541034.869,1726.406916,0,
Bristol_Bay,Naknek,1972,0,2937.672627,263999.7757,756723.2119,685210.2734,34341.61837,0,
Bristol_Bay,Naknek,1973,0,1.9598E-09,611792.3332,1280498.065,850378.2625,6336.298651,0,
Bristol_Bay,Naknek,1974,0,1543.601127,255730.8935,1497110.22,888128.4514,2.07711E-07,0,
Bristol_Bay,Naknek,1975,0,1028.9487,468503.4023,3169577.475,1551851.908,4.17165E-09,0,
Bristol_Bay,Naknek,1976,0,4277.450543,1017915.545,6411482.408,1544435.514,4743.708537,0,
Bristol_Bay,Naknek,1977,0,4428.825809,793103.8673,2602771.377,317868.1844,13621.01001,0,
Bristol_Bay,Naknek,1978,0,393.05453,499904.1494,1580743.389,707254.7755,2886.513446,0,
Bristol_Bay,Naknek,1979,0,8951.03737,1395228.748,2084113.052,475295.842,7.85071E-09,0,
Bristol_Bay,Naknek,1980,0,802.9160203,1077181.59,2978497.65,872491.9784,1499.410944,0,
Bristol_Bay,Naknek,1981,0,4917.33409,778410.918,2953443.589,962598.2167,1501.5835,0,
Bristol_Bay,Naknek,1982,0,5105.335065,163880.6699,1167216.872,504706.4595,4417.370207,0,
Bristol_Bay,Naknek,1983,0,2.09803E-09,187444.846,907051.1606,388029.7371,8296.763139,0,
Bristol_Bay,Naknek,1984,0,248.5589362,544687.6518,2403662.61,1539731.542,9.38817E-09,0,
Bristol_Bay,Naknek,1985,2.46192e-09,2109.991725,862090.2365,4890911.657,1462624.277,1429.620103,0,
Bristol_Bay,Naknek,1986,0,7751.94957,1867028.111,7903643.467,2923722.619,46654.89089,0,
Bristol_Bay,Naknek,1987,0,2660.29076,386727.2682,1864846.158,3268178.278,42587.70646,0,
Bristol_Bay,Naknek,1988,0,3.84666E-09,386491.3344,1900972.69,735076.5766,11303.96942,0,
Bristol_Bay,Naknek,1989,0,1191.78262,365446.0887,2226105.156,540520.0883,3330.343681,0,
Bristol_Bay,Naknek,1990,0,5.10139E-09,714621.1406,2442182.899,824658.7082,6.41622E-09,0,
Bristol_Bay,Naknek,1991,0,13701.39822,454108.3128,3672831.844,487139.362,16163.60329,0,
Bristol_Bay,Naknek,1992,0,5.98565E-09,164847.9153,1035930.997,280773.8939,1458.442903,0,
Bristol_Bay,Naknek,1993,0,122.4589834,366626.3103,1552576.352,785479.0178,7.063E-09,0,
Bristol_Bay,Naknek,1994,0,4949.923107,521599.4035,1488860.791,378069.5147,2.08468E-09,0,
Bristol_Bay,Naknek,1995,0,8708.225467,2425757.639,3248782.027,240926.0419,2742.556765,0,
Bristol_Bay,Naknek,1996,0,1386.142703,340634.5661,5640808.53,487496.2194,3591.975418,142.8408964,
Bristol_Bay,Naknek,1997,0,0,105643.1448,1725135.416,1624627.71,2675.551978,0,
Bristol_Bay,Naknek,1998,0,1064.66805,597117.5082,2510958.428,760436.1652,2229.29098,0,
Bristol_Bay,Naknek,1999,0,256.5380719,720625.6295,2096555.338,942825.4539,5.38323E-09,0,
Bristol_Bay,Naknek,2000,0,2965.795458,1207346.069,7278805.68,535440.7275,2190.7344,0,
Bristol_Bay,Naknek,2001,0,0,495170.9448,3322732.685,812090.3627,8.12012E-09,0,
Bristol_Bay,Naknek,2002,0,48568.92803,1472934.879,3934364.118,302621.3984,3419.838013,0,
Bristol_Bay,Naknek,2003,0,8942.058903,3692037.193,7796995.162,895951.1283,21791.88821,0,
Bristol_Bay,Naknek,2004,0,0,990232.5376,2631235.984,681109.2505,4966.552661,0,
Bristol_Bay,Naknek,2005,0,36671.94716,1313499.165,3057222.038,972469.8386,1408.892367,0,
Bristol_Bay,Naknek,2006,0,50441.696,1676059.51,2645919.184,532419.1615,6746.904772,0,
Bristol_Bay,Naknek,2007,0,17540.54925,1877228.42,2184899.504,555335.6714,2553.062751,0,
Bristol_Bay,Naknek,2008,0,23086.89526,593437.7243,1956038.226,695240.5112,92.57666123,0,
Bristol_Bay,Naknek,2009,0,5414.946064,463238.1415,1286429.522,158514.5329,0,0,
Bristol_Bay,Naknek,2010,0,97716.52038,3258946.005,3663102.958,401489.7638,1700.522886,0,
Bristol_Bay,Naknek,2011,0,82430.97198,2257077.553,2175201.07,571336.7609,65.39242106,0,
Bristol_Bay,Naknek,2012,0,11744.1874,2397263.534,2629343.751,383845.6226,2541.887267,0,
Bristol_Bay,Naknek,2013,0,61369.23716,2742095.407,3543486.551,161735.5859,7.460959556,1.04664e-06,
Bristol_Bay,Naknek,2014,0,32824.06048,2957483.877,3399905.478,112679.1662,0,1.03877e-06,
Bristol_Bay,Naknek,2015,0,38702.04339,5261677.034,7337688.088,504957.3086,16599.20282,1.01378e-06,
Bristol_Bay,Naknek,2016,0,1204.876538,2594704.992,2437779.639,331066.7335,3.11675E-06,NA,
Bristol_Bay,Naknek,2017,0,57139.70966,4193367.183,3417934.855,841780.9777,0.002715263,NA,
Bristol_Bay,Naknek,2018,0,27602.54037,2703871.189,4853497.18,#VALUE!,#VALUE!,NA,
Bristol_Bay,Naknek,2019,1.04788e-06,2534.026386,1165631.157,#VALUE!,#VALUE!,#VALUE!,NA,
Bristol_Bay,Naknek,2020,1.03925e-06,34446.71341,#VALUE!,#VALUE!,#VALUE!,#VALUE!,NA,
Bristol_Bay,Naknek,2021,1.01471e-06,#VALUE!,#VALUE!,#VALUE!,#VALUE!,#VALUE!,NA,
Bristol_Bay,Naknek,2022,NA,#VALUE!,#VALUE!,#VALUE!,#VALUE!,#VALUE!,NA,
Bristol_Bay,Naknek,2023,NA,#VALUE!,#VALUE!,#VALUE!,#VALUE!,#VALUE!,NA,
Bristol_Bay,Ugashik,1955,NA,#VALUE!,#VALUE!,#VALUE!,#VALUE!,#VALUE!,0,
Bristol_Bay,Ugashik,1956,NA,#VALUE!,#VALUE!,#VALUE!,#VALUE!,#VALUE!,0,
Bristol_Bay,Ugashik,1957,NA,#VALUE!,#VALUE!,#VALUE!,41839.94835,9.0361E-10,0,
Bristol_Bay,Ugashik,1958,NA,#VALUE!,#VALUE!,605555.6366,53021.00128,3.68388E-05,0,
Bristol_Bay,Ugashik,1959,NA,#VALUE!,31386.71558,309517.9356,152919.6766,6.49494E-09,0,
Bristol_Bay,Ugashik,1960,NA,867.0227582,943211.6953,2389188.862,534193.2624,3086.986657,0,
Bristol_Bay,Ugashik,1961,0,67.68393074,341905.0789,757518.9112,120954.7393,1.06479E-09,0,
Bristol_Bay,Ugashik,1962,0,240.7328102,78940.117,308071.9457,20312.37365,309.066368,0,
Bristol_Bay,Ugashik,1963,0,0,10932.44684,99104.64127,22704.03347,2.15434E-09,0,
Bristol_Bay,Ugashik,1964,0,133.6643412,29630.33771,228389.1525,16285.19782,4.57398E-09,0,
Bristol_Bay,Ugashik,1965,0,7.99916E-10,50327.29932,263826.7169,78800.43779,294.1617416,0,
Bristol_Bay,Ugashik,1966,0,473.8164368,772822.5465,1597336.198,17554.78795,1.27573E-09,0,
Bristol_Bay,Ugashik,1967,0,0,98165.59422,97097.61641,34973.29951,5.57528E-10,0,
Bristol_Bay,Ugashik,1968,0,1.66863E-09,16984.70868,23570.95764,4394.110127,114.36579,0,
Bristol_Bay,Ugashik,1969,0,111.0705327,4867.156562,58328.29686,25936.26548,138.0136349,0,
Bristol_Bay,Ugashik,1970,0,4.46024E-10,3914.802655,306114.7891,44928.05993,2.24242E-06,0,
Bristol_Bay,Ugashik,1971,0,9.27929E-10,193375.6259,573772.5589,165965.4197,751.4069585,0,
Bristol_Bay,Ugashik,1972,0,2.48108E-09,8.63029E-07,232469.0771,41201.76924,2688.700653,0,
Bristol_Bay,Ugashik,1973,0,1.59863E-07,30511.50873,28140.92732,43655.7947,2499.059704,0,
Bristol_Bay,Ugashik,1974,0,9.14822E-10,23996.02282,668436.7736,65473.78406,2.58417E-08,0,
Bristol_Bay,Ugashik,1975,0,1087.595011,1570467.905,2186508.368,366979.5534,2.78359E-09,0,
Bristol_Bay,Ugashik,1976,0,1672.088014,2389798.722,3057607.036,350283.5339,790.211204,0,
Bristol_Bay,Ugashik,1977,0,792.3646297,653650.8877,2052730.823,144698.2574,1667.403585,0,
Bristol_Bay,Ugashik,1978,0,0,255856.7495,680488.9957,258102.1241,1278.654905,0,
Bristol_Bay,Ugashik,1979,0,22988.40741,3320476.5,2459760.222,672752.048,7.85738E-09,0,
Bristol_Bay,Ugashik,1980,0,1117.261309,1446748.16,5509026.004,1104722.909,4902.933113,0,
Bristol_Bay,Ugashik,1981,0,1102.561531,1754407.816,5287351.207,932724.3991,1322.207007,0,
Bristol_Bay,Ugashik,1982,0,4612.329645,330296.6475,1225051.739,797363.506,840.0198738,0,
Bristol_Bay,Ugashik,1983,0,5.31298E-09,749112.9248,815291.0741,224815.7874,2660.542888,0,
Bristol_Bay,Ugashik,1984,0,1530.246534,539312.8035,4473657.708,513047.6921,9.41E-09,0,
Bristol_Bay,Ugashik,1985,271.1910717,2335.808146,656553.116,1686046.9,472819.9862,2285.343055,0,
Bristol_Bay,Ugashik,1986,0,5652.917378,508411.32,4606234.683,2004769.304,5839.103682,0,
Bristol_Bay,Ugashik,1987,0,5111.525714,875335.8,3809517.147,2434901.655,17548.83003,0,
Bristol_Bay,Ugashik,1988,0,2360.581833,511660.2787,2813112.274,2208171.195,39480.7539,0,
Bristol_Bay,Ugashik,1989,0,9452.739695,950161.7621,2917579.891,1035047.084,9341.494014,0,
Bristol_Bay,Ugashik,1990,0,973.0711573,397453.7004,2793722.409,664856.6906,872.2291156,0,
Bristol_Bay,Ugashik,1991,0,7285.703367,2063739.705,4310464.993,295601.9116,1552.635295,0,
Bristol_Bay,Ugashik,1992,0,11107.30765,391407.0553,1776536.82,941138.5464,3835.139104,0,
Bristol_Bay,Ugashik,1993,0,3051.7131,415662.5378,664507.427,273940.8804,28851.11098,0,
Bristol_Bay,Ugashik,1994,0,19397.44337,269675.681,1117948.412,176736.6528,417.0023363,0,
Bristol_Bay,Ugashik,1995,0,13117.82433,3803140.403,1862261.068,94447.3648,2560.11569,0,
Bristol_Bay,Ugashik,1996,0,0,260683.5649,1082634.606,10063.54753,783.128815,0.05093983,
Bristol_Bay,Ugashik,1997,0,0,286695.6011,2305456.244,430855.3637,485.2390526,0,
Bristol_Bay,Ugashik,1998,0,1237.274364,179074.7204,826927.5215,239867.101,2115.705846,0,
Bristol_Bay,Ugashik,1999,0,3670.971257,1279722.883,2093461.905,294108.8515,5.42336E-09,0,
Bristol_Bay,Ugashik,2000,0,2248.781831,1866754.597,2386840.628,99433.84708,3194.526427,0,
Bristol_Bay,Ugashik,2001,0,628.8957987,401307.4454,1569182.564,212212.0316,6.60196E-09,0,
Bristol_Bay,Ugashik,2002,0,7745.024712,2079223.911,2473086.815,39272.68079,849.1071713,0,
Bristol_Bay,Ugashik,2003,0,28141.27936,4701777.63,1569234.792,73927.90044,3.28539E-09,0,
Bristol_Bay,Ugashik,2004,0,12626.76795,1320781.597,2832218.125,365989.3748,3.13103E-09,0,
Bristol_Bay,Ugashik,2005,0,650.1273383,878177.821,3489196.436,894373.1345,5.13967E-09,0,
Bristol_Bay,Ugashik,2006,0,66930.37603,1091714.905,2012888.94,230715.3981,2700.097027,0,
Bristol_Bay,Ugashik,2007,0,41842.78433,1288151,1628154.462,182409.9269,0.061550263,0,
Bristol_Bay,Ugashik,2008,0,7974.252534,1051694.712,2063095.686,40680.65434,0.437429084,0,
Bristol_Bay,Ugashik,2009,0,8826.116402,378808.7606,461626.5118,132490.7513,0,0,
Bristol_Bay,Ugashik,2010,0,10045.26789,587332.1615,1231924.988,283973.0059,1139.016584,0,
Bristol_Bay,Ugashik,2011,0,65015.82235,2779754.692,3392108.139,504085.7943,2.449674014,0,
Bristol_Bay,Ugashik,2012,0,104687.3557,3485691.039,2236754.812,90581.35769,4966.524504,0,
Bristol_Bay,Ugashik,2013,0,29906.30413,3861484.705,2064938.668,34286.31564,0.03962912,1.0551e-06,
Bristol_Bay,Ugashik,2014,0,70409.78081,2596182.434,1629728.821,30397.75821,0,1.04826e-06,
Bristol_Bay,Ugashik,2015,0,13553.78052,1887109.392,1919608.157,324456.2156,7.38329095,1.01686e-06,
Bristol_Bay,Ugashik,2016,0,53838.48477,3024846.292,3816205.783,260032.0958,3.14578E-06,NA,
Bristol_Bay,Ugashik,2017,0,103761.7674,6698689.244,6089523.728,1027978.536,0.000105895,NA,
Bristol_Bay,Ugashik,2018,0,20784.87476,1174671.367,2775324.78,#VALUE!,#VALUE!,NA,
Bristol_Bay,Ugashik,2019,1.05428e-06,7524.898868,404457.3483,#VALUE!,#VALUE!,#VALUE!,NA,
Bristol_Bay,Ugashik,2020,1.04934e-06,170457.9103,#VALUE!,#VALUE!,#VALUE!,#VALUE!,NA,
Bristol_Bay,Ugashik,2021,1.01613e-06,#VALUE!,#VALUE!,#VALUE!,#VALUE!,#VALUE!,NA,
Bristol_Bay,Ugashik,2022,NA,#VALUE!,#VALUE!,#VALUE!,#VALUE!,#VALUE!,NA,
Bristol_Bay,Ugashik,2023,NA,#VALUE!,#VALUE!,#VALUE!,#VALUE!,#VALUE!,NA,
Bristol_Bay,Wood,1955,NA,#VALUE!,#VALUE!,#VALUE!,#VALUE!,#VALUE!,0,
Bristol_Bay,Wood,1956,NA,#VALUE!,#VALUE!,#VALUE!,#VALUE!,#VALUE!,0,
Bristol_Bay,Wood,1957,NA,#VALUE!,#VALUE!,#VALUE!,45045.03773,0,0,
Bristol_Bay,Wood,1958,NA,#VALUE!,#VALUE!,624250.7131,26802.97521,0,0,
Bristol_Bay,Wood,1959,NA,#VALUE!,923017.4627,775564.1289,39543.19771,0,0,
Bristol_Bay,Wood,1960,NA,5684.051911,1611289.476,1038777.343,93173.10479,0,0,
Bristol_Bay,Wood,1961,0,147.8984485,221597.3595,1436437.823,26157.38844,0,0,
Bristol_Bay,Wood,1962,0,2589.192155,971009.962,532331.8578,44696.12196,684.0092853,0,
Bristol_Bay,Wood,1963,0,0,591804.3777,1000875.852,39341.3007,242.8686712,0,
Bristol_Bay,Wood,1964,0,116.5822741,499042.7839,706852.0934,80891.31759,814.1601209,0,
Bristol_Bay,Wood,1965,0,2666.123593,599265.3335,1196077.017,223710.2687,0,0,
Bristol_Bay,Wood,1966,0,5583.577058,959255.2373,1255649.797,69726.42356,0,0,
Bristol_Bay,Wood,1967,0,1499.118901,583393.319,370895.2219,98475.84243,564.7517172,0,
Bristol_Bay,Wood,1968,0,909.0767122,557928.2632,569391.3347,26138.47955,0,0,
Bristol_Bay,Wood,1969,0,0,62676.69584,821901.5298,105269.7455,0,0,
Bristol_Bay,Wood,1970,0,3951.796278,1392373.681,1201844.691,49931.4657,0,0,
Bristol_Bay,Wood,1971,0,4165.477437,463331.0881,846476.8837,111166.9296,0,0,
Bristol_Bay,Wood,1972,0,3401.247516,813608.4896,464772.2646,56897.25167,0,0,
Bristol_Bay,Wood,1973,0,1890.133531,234543.5435,1198836.172,24990.63654,0,0,
Bristol_Bay,Wood,1974,0,2408.930682,3420119.739,2362337.535,108564.1056,0,0,
Bristol_Bay,Wood,1975,0,30667.32615,1796332.408,3358506.825,1105180.853,0,0,
Bristol_Bay,Wood,1976,0,1967.110001,2656970.644,3628306.423,299943.02,0,0,
Bristol_Bay,Wood,1977,0,19300.0333,1275546.006,2500481.842,28984.7167,3348.950371,0,
Bristol_Bay,Wood,1978,0,0,1276959.416,1713769.124,126478.2704,0,0,
Bristol_Bay,Wood,1979,0,16285.53155,2360528.69,1751017.794,26836.56429,0,0,
Bristol_Bay,Wood,1980,0,4.44798E-09,472215.5854,883378.0765,116198.4557,0,0,
Bristol_Bay,Wood,1981,0,3.28078E-09,613921.9158,1455169.693,162821.8715,0,0,
Bristol_Bay,Wood,1982,0,3627.667505,533178.1323,1514157.148,34407.62081,0,0,
Bristol_Bay,Wood,1983,0,1358.70122,1840424.076,1368503.145,116467.4648,0,0,
Bristol_Bay,Wood,1984,154.9684865,381.8239301,586695.163,1580920.201,50670.0355,0,0,
Bristol_Bay,Wood,1985,0,10395.58896,1396979.742,1867627.101,28321.09241,0,0,
Bristol_Bay,Wood,1986,0,5374.226711,1257830.462,2814060.263,99039.88646,843.1292947,0,
Bristol_Bay,Wood,1987,0,18995.26747,1655042.707,1095973.359,127902.8284,0,0,
Bristol_Bay,Wood,1988,0,8846.747206,1869374.27,2029808.087,69892.10155,3.99376E-08,0,
Bristol_Bay,Wood,1989,0,6459.134033,2583328.17,2467310.262,49193.20548,948.8507341,0,
Bristol_Bay,Wood,1990,0,7092.791172,1147085.017,2130785.62,269184.207,0,0,
Bristol_Bay,Wood,1991,0,12307.01916,2747437.773,3218710.035,131678.2457,1530.354749,0,
Bristol_Bay,Wood,1992,0,10247.77238,2458544.211,2022955.652,46193.46122,132.0865367,0,
Bristol_Bay,Wood,1993,0,13405.28193,1711977.694,1375931.457,166024.5229,1181.742138,0,
Bristol_Bay,Wood,1994,0,10891.94987,2991006.06,2783439.813,101990.0485,0,0,
Bristol_Bay,Wood,1995,0,7754.593358,4452434.938,3334485.093,50061.03975,0,0,
Bristol_Bay,Wood,1996,0,0,3104643.303,4386645.897,38655.83033,0,0,
Bristol_Bay,Wood,1997,0,0,204615.1718,779263.4379,253228.5111,0,0,
Bristol_Bay,Wood,1998,0,2776.469044,3039982.451,3683699.269,140190.2877,209.6526139,0,
Bristol_Bay,Wood,1999,0,1819.825384,2292147.541,3009369.661,317733.0844,314.4324361,35.2176534,
Bristol_Bay,Wood,2000,0,4296.863681,3280705.369,3342842.009,611075.2097,0,0,
Bristol_Bay,Wood,2001,0,0,2176259.137,6059860.489,75570.70679,2.60687E-06,0,
Bristol_Bay,Wood,2002,0,44385.76324,5965139.743,2357607.457,41849.42259,0,0,
Bristol_Bay,Wood,2003,0,4139.748332,5350245.612,2848917.292,136787.4661,0,0,
Bristol_Bay,Wood,2004,0,10784.47382,3914076.525,3980471.035,160752.2659,0,0,
Bristol_Bay,Wood,2005,0,2.73591E-08,2515742.977,4097663.737,105160.5183,0,0,
Bristol_Bay,Wood,2006,0,40677.03347,4548638.355,3376531.075,69138.91106,296.8674571,0,
Bristol_Bay,Wood,2007,0,2612.516495,1466827.176,1320746.621,35884.63792,0,0,
Bristol_Bay,Wood,2008,0,687.1223019,1307145.76,1824526.558,87743.28611,0,0,
Bristol_Bay,Wood,2009,0,1790.498837,1384630.957,2266154.111,68012.31182,1026.234605,0,
Bristol_Bay,Wood,2010,0,41826.11109,4805585.039,2203925.207,71954.40937,552.6163586,0,
Bristol_Bay,Wood,2011,0,10412.32299,2669406.224,2966646.43,2198.4088,3882.600115,0,
Bristol_Bay,Wood,2012,0,77215.24777,3137597.683,1440601.61,3.81864E-08,912.5126091,0,
Bristol_Bay,Wood,2013,0,207823.4901,9677409.993,2426098.14,52105.90023,0,1.05234e-06,
Bristol_Bay,Wood,2014,0,163320.9392,20253162.06,4131538.589,12828.42779,0,1.04551e-06,
Bristol_Bay,Wood,2015,0,3.63681E-09,8069577.95,2231721.115,75712.64403,3.15702E-06,1.01611e-06,
Bristol_Bay,Wood,2016,0,87517.70151,5724076.376,1442721.678,196912.525,3.13655E-06,NA,
Bristol_Bay,Wood,2017,0,36289.02416,11143358.61,4701490.835,1025034.444,3.04833E-06,NA,
Bristol_Bay,Wood,2018,0,8527.016451,7504564.424,5953690.083,#VALUE!,#VALUE!,NA,
Bristol_Bay,Wood,2019,1.05229e-06,7208.086448,3378215.815,#VALUE!,#VALUE!,#VALUE!,NA,
Bristol_Bay,Wood,2020,1.04555e-06,61995.91025,#VALUE!,#VALUE!,#VALUE!,#VALUE!,NA,
Bristol_Bay,Wood,2021,1.01612e-06,#VALUE!,#VALUE!,#VALUE!,#VALUE!,#VALUE!,NA,
Bristol_Bay,Wood,2022,NA,#VALUE!,#VALUE!,#VALUE!,#VALUE!,#VALUE!,NA,
Bristol_Bay,Wood,2023,NA,#VALUE!,#VALUE!,#VALUE!,#VALUE!,#VALUE!,NA,
Columbia,Bonneville,1985,0,1461,151004,13875,0,#VALUE!,0,
Columbia,Bonneville,1987,0,24062,22438,11465,158,0,0,
Columbia,Bonneville,1987,0,22999,78578,15416,0,0,0,
Columbia,Bonneville,1988,0,547,60523,18643,0,0,0,
Columbia,Bonneville,1989,0,298,34516,6861,210,0,0,
Columbia,Bonneville,1990,0,7260,29482,12682,157,0,0,
Columbia,Bonneville,1991,0,4072,58313,14020,76,0,0,
Columbia,Bonneville,1992,0,5170,58938,20884,0,0,0,
Columbia,Bonneville,1993,0,0,65510,13683,984,0,0,
Columbia,Bonneville,1994,0,440,2045,10086,106,0,0,
Columbia,Bonneville,1995,0,2451,5624,562,95,0,0,
Columbia,Bonneville,1996,0,534,26494,3205,0,0,0,
Columbia,Bonneville,1997,0,315,41677,4676,341,0,0,
Columbia,Bonneville,1998,0,2939,1567,8643,70,0,0,
Columbia,Bonneville,1999,0,1558,14869,1319,130,0,0,
Columbia,Bonneville,2000,0,3825,88433,1022,118,0,0,
Columbia,Bonneville,2001,0,1171,92559,21204,0,0,0,
Columbia,Bonneville,2002,0,458,19649,27333,1933,0,0,
Columbia,Bonneville,2003,0,9713,14732,6517,1149,0,0,
Columbia,Bonneville,2004,0,1218,120481,1121,235,35,0,
Columbia,Bonneville,2005,0,804,65534,5930,267,0,0,
Columbia,Bonneville,2006,0,201,24072,12174,104,0,0,
Columbia,Bonneville,2007,0,9734,8708,5325,610,0,0,
Columbia,Bonneville,2008,0,15260,190460,7610,278,0,0,
Columbia,Bonneville,2009,0,18137,142510,17050,126,0,0,
Columbia,Bonneville,2010,0,6178,359160,21186,0,0,0,
Columbia,Bonneville,2011,0,32729,124589,28294,184,0,0,
Columbia,Bonneville,2012,0,6637,497091,11483,286,0,0,
Columbia,Bonneville,2013,0,32198,117334,35974,0,0,0,
Columbia,Bonneville,2014,0,87497,518585,8094,0,0,0,
Columbia,Bonneville,2015,0,692,479839,30175,0,0,0,
Columbia,Bonneville,2016,0,2471,301578,38449,0,0,0,
Columbia,Bonneville,2017,0,11400,43643,32651,0,0,0,
Columbia,Bonneville,2018,0,696,187464,5024,78,0,0,
Columbia,Bonneville,2019,0,34333,24972,3659,41,0,0,
Columbia,Bonneville,2020,0,2943,337524,1273,0,0,0,
Columbia,Bonneville,2021,0,41393,88540,21832,0,0,0,
Columbia,Bonneville,2022,0,13084,633153,17017,0,0,0,
Columbia,Bonneville,2023,0,30066,249810,47672,0,0,0,
Fraser,Chilko,1948,0,0,32000,1643062,265498,0,0,
Fraser,Chilko,1949,0,0,3732,560635,56726,1282,0,
Fraser,Chilko,1950,0,0,1489,183278,20154,1424,0,
Fraser,Chilko,1951,0,0,3925,644911,94878,0,0,
Fraser,Chilko,1952,0,0,18732,1763929,74808,3609,0,
Fraser,Chilko,1953,0,0,1172,514554,100366,893,0,
Fraser,Chilko,1954,0,0,12234,632132,63306,781,0,
Fraser,Chilko,1955,0,0,32418,1407963,71521,2233,0,
Fraser,Chilko,1956,0,0,13905,2379854,41836,0,0,
Fraser,Chilko,1957,0,0,76,117362,20727,0,0,
Fraser,Chilko,1958,0,0,4055,278320,144194,0,0,
Fraser,Chilko,1959,0,0,23792,2080497,107022,5091,0,
Fraser,Chilko,1960,0,0,5472,958877,87941,0,0,
Fraser,Chilko,1961,0,0,256,52713,16075,0,0,
Fraser,Chilko,1962,0,0,10657,960609,14278,0,0,
Fraser,Chilko,1963,0,0,37579,1112861,51051,18,0,
Fraser,Chilko,1964,0,0,7252,1818921,212566,841,0,
Fraser,Chilko,1965,0,0,1787,138555,16820,0,0,
Fraser,Chilko,1966,0,0,26456,744469,116796,0,0,
Fraser,Chilko,1967,0,0,28734,1933329,37347,0,0,
Fraser,Chilko,1968,0,0,46952,2349375,77506,0,0,
Fraser,Chilko,1969,0,0,4126,369954,27985,1128,0,
Fraser,Chilko,1970,0,0,16775,630046,42212,0,0,
Fraser,Chilko,1971,0,0,58786,740253,40581,0,0,
Fraser,Chilko,1972,0,0,42709,1947465,117925,0,0,
Fraser,Chilko,1973,0,0,8835,200775,34050,166,0,
Fraser,Chilko,1974,0,0,26487,641497,40668,1744,0,
Fraser,Chilko,1975,0,0,22821,1389008,81187,0,0,
Fraser,Chilko,1976,0,0,8457,1650944,39378,390,0,
Fraser,Chilko,1977,0,0,3346,190527,5327,0,0,
Fraser,Chilko,1978,0,0,8616,1169034,87532,0,0,
Fraser,Chilko,1979,0,0,9358,1615466,87514,0,0,
Fraser,Chilko,1980,0,0,12504,3920494,506140,7804,0,
Fraser,Chilko,1981,0,0,1722,180656,23409,2375,0,
Fraser,Chilko,1982,0,0,52424,1355953,189246,0,0,
Fraser,Chilko,1983,0,0,45476,1717330,347293,1412,0,
Fraser,Chilko,1984,0,0,11108,500714,156783,4399,0,
Fraser,Chilko,1985,0,0,970,366037,203262,5802,0,
Fraser,Chilko,1986,0,0,47835,4413216,334020,1136,0,
Fraser,Chilko,1987,0,0,11552,4032356,373090,5033,0,
Fraser,Chilko,1988,0,0,2697,2979547,313319,2975,0,
Fraser,Chilko,1989,0,0,11841,3015024,90506,0,0,
Fraser,Chilko,1990,0,0,13262,2412516,198092,0,0,
Fraser,Chilko,1991,0,0,4495,1126703,250814,0,0,
Fraser,Chilko,1992,0,0,3754,1773513,88468,0,0,
Fraser,Chilko,1993,0,0,18173,3380892,564598,0,0,
Fraser,Chilko,1994,0,0,10606,1331935,77262,0,0,
Fraser,Chilko,1995,0,0,2778,1045307,223801,0,0,
Fraser,Chilko,1996,0,0,359,1175834,185886,2414,0,
Fraser,Chilko,1997,0,0,222,663879,220912,1811,0,
Fraser,Chilko,1998,0,0,1084,423716,108531,0,0,
Fraser,Chilko,1999,0,0,2228,1449980,118381,3035,0,
Fraser,Chilko,2000,0,0,3918,424960,69388,0,0,
Fraser,Chilko,2001,0,0,176,1001606,156854,3565,0,
Fraser,Chilko,2002,0,0,4514,1119367,114852,0,0,
Fraser,Chilko,2003,0,0,557,321849,59822,554,0,
Fraser,Chilko,2004,0,0,854,388845,38016,2432,0,
Fraser,Chilko,2005,0,0,720,262920,73793,0,0,
Fraser,Chilko,2006,0,0,5283,4462878,525353,0,0,
Fraser,Chilko,2007,0,0,2996,1164212,53713,0,0,
Fraser,Chilko,2008,0,0,2364,496271,74926,0,0,
Fraser,Chilko,2009,0,0,1271,1628663,221342,0,0,
Fraser,Chilko,2010,0,0,44119,2637175,118003,2699,0,
Fraser,Chilko,2011,0,0,3493,878488,90135,629,0,
Fraser,Chilko,2012,0,0,2479,195956,34088,0,0,
Fraser,Chilko,2013,0,0,905,426237,51474,0,0,
Fraser,Chilko,2014,0,0,2932,1555820,86230,0,0,
Fraser,Chilko,2015,0,0,1480,164957,47733,149,0,
Fraser,Chilko,2016,0,0,157,25994,12899,0,0,
Fraser,Chilko,2017,0,0,1149,1106873,40082,0,0,
Fraser,Chilko,2018,0,0,19531,1567086,129000,0,0,
Fraser,Chilko,2019,0,0,83,447000,0,0,0,
Fraser,Chilko,2020,0,0,0,0,0,0,0,
Fraser,Chilko,2021,0,0,0,0,0,0,0,
Fraser,Late Stuart,1948,0,0,0,327,0,0,0,
Fraser,Late Stuart,1949,0,0,3433,1526554,215,0,0,
Fraser,Late Stuart,1950,0,0,591,36671,2419,0,0,
Fraser,Late Stuart,1951,0,0,0,56085,7725,0,0,
Fraser,Late Stuart,1952,0,0,86,3858,29,0,0,
Fraser,Late Stuart,1953,0,0,830,1548072,3337,0,0,
Fraser,Late Stuart,1954,0,0,150,135111,2704,0,0,
Fraser,Late Stuart,1955,0,0,29,50196,1120,0,0,
Fraser,Late Stuart,1956,0,0,0,13472,32630,0,0,
Fraser,Late Stuart,1957,0,0,874,1327094,1916,0,0,
Fraser,Late Stuart,1958,0,0,672,53044,961,0,0,
Fraser,Late Stuart,1959,0,0,67,6092,1233,0,0,
Fraser,Late Stuart,1960,0,0,27,6658,2932,0,0,
Fraser,Late Stuart,1961,0,0,143,770385,7950,0,0,
Fraser,Late Stuart,1962,0,0,45,43107,1917,0,0,
Fraser,Late Stuart,1963,0,0,25,11911,113,0,0,
Fraser,Late Stuart,1964,0,0,60,1806,1235,0,0,
Fraser,Late Stuart,1965,0,0,228,1102448,21843,0,0,
Fraser,Late Stuart,1966,0,0,274,71954,1851,0,0,
Fraser,Late Stuart,1967,0,0,224,6294,10038,0,0,
Fraser,Late Stuart,1968,0,0,0,27393,3906,0,0,
Fraser,Late Stuart,1969,0,0,2756,1602892,19888,0,0,
Fraser,Late Stuart,1970,0,0,318,70520,0,0,0,
Fraser,Late Stuart,1971,0,0,1243,65527,0,0,0,
Fraser,Late Stuart,1972,0,0,0,16180,2586,0,0,
Fraser,Late Stuart,1973,0,0,290,658158,7650,0,0,
Fraser,Late Stuart,1974,0,0,855,48593,1268,0,0,
Fraser,Late Stuart,1975,0,0,541,214097,478,0,0,
Fraser,Late Stuart,1976,0,0,0,3339,0,0,0,
Fraser,Late Stuart,1977,0,0,104,1313861,43776,0,0,
Fraser,Late Stuart,1978,0,0,699,69820,8928,0,0,
Fraser,Late Stuart,1979,0,0,0,6854,0,0,0,
Fraser,Late Stuart,1980,0,0,0,21440,0,0,0,
Fraser,Late Stuart,1981,0,0,0,1978010,55891,0,0,
Fraser,Late Stuart,1982,0,0,193,52097,8699,0,0,
Fraser,Late Stuart,1983,0,0,0,14195,3749,0,0,
Fraser,Late Stuart,1984,0,0,222,14522,0,0,0,
Fraser,Late Stuart,1985,0,0,7755,3367086,132788,0,0,
Fraser,Late Stuart,1986,0,0,264,725126,91171,0,0,
Fraser,Late Stuart,1987,0,0,984,283932,95155,0,0,
Fraser,Late Stuart,1988,0,0,1552,207234,0,0,0,
Fraser,Late Stuart,1989,0,0,20256,5162734,144134,0,0,
Fraser,Late Stuart,1990,0,0,440,372685,16654,0,0,
Fraser,Late Stuart,1991,0,0,354,91441,17786,0,0,
Fraser,Late Stuart,1992,0,0,0,128970,6429,0,0,
Fraser,Late Stuart,1993,0,0,4082,3249145,511029,0,0,
Fraser,Late Stuart,1994,0,0,0,108011,7429,0,0,
Fraser,Late Stuart,1995,0,0,1366,92713,39375,0,0,
Fraser,Late Stuart,1996,0,0,607,810002,212391,0,0,
Fraser,Late Stuart,1997,0,0,81,351715,79099,0,0,
Fraser,Late Stuart,1998,0,0,312,264390,12560,0,0,
Fraser,Late Stuart,1999,0,0,23,117520,16079,0,0,
Fraser,Late Stuart,2000,0,0,1827,868657,43338,0,0,
Fraser,Late Stuart,2001,0,0,29,415504,89810,0,0,
Fraser,Late Stuart,2002,0,0,20,121483,4449,0,0,
Fraser,Late Stuart,2003,0,0,11,15962,5810,0,0,
Fraser,Late Stuart,2004,0,0,220,263681,18277,0,0,
Fraser,Late Stuart,2005,0,0,89,105786,22775,0,0,
Fraser,Late Stuart,2006,0,0,46,156805,6061,0,0,
Fraser,Late Stuart,2007,0,0,81,5832,6458,0,0,
Fraser,Late Stuart,2008,0,0,418,186682,8137,0,0,
Fraser,Late Stuart,2009,0,0,47,218217,35177,0,0,
Fraser,Late Stuart,2010,0,0,1119,276384,34431,0,0,
Fraser,Late Stuart,2011,0,0,0,4528,322,0,0,
Fraser,Late Stuart,2012,0,0,0,31733,4338,0,0,
Fraser,Late Stuart,2013,0,0,2266,214773,18068,0,0,
Fraser,Late Stuart,2014,0,0,632,310885,9081,0,0,
Fraser,Late Stuart,2015,0,0,0,4948,887,0,0,
Fraser,Late Stuart,2016,0,0,148,11349,0,0,0,
Fraser,Late Stuart,2017,0,0,70,467922,22782,0,0,
Fraser,Late Stuart,2018,0,0,223,192496,41000,0,0,
Fraser,Late Stuart,2019,0,0,0,28000,0,0,0,
Fraser,Late Stuart,2020,0,0,0,0,0,0,0,
Fraser,Late Stuart,2021,0,0,0,0,0,0,0,
Fraser,Quesnel,1948,0,0,0,618,0,0,0,
Fraser,Quesnel,1949,0,0,22969,463409,0,0,0,
Fraser,Quesnel,1950,0,0,34,2014,0,0,0,
Fraser,Quesnel,1951,0,0,0,413,0,0,0,
Fraser,Quesnel,1952,0,0,0,562,0,0,0,
Fraser,Quesnel,1953,0,0,5902,604123,220,0,0,
Fraser,Quesnel,1954,0,0,0,10692,0,0,0,
Fraser,Quesnel,1955,0,0,0,180,0,0,0,
Fraser,Quesnel,1956,0,0,18,1115,0,0,0,
Fraser,Quesnel,1957,0,0,9779,989580,174,0,0,
Fraser,Quesnel,1958,0,0,27,3362,23,0,0,
Fraser,Quesnel,1959,0,0,0,165,0,0,0,
Fraser,Quesnel,1960,0,0,6,1469,0,0,0,
Fraser,Quesnel,1961,0,0,44481,1195807,602,0,0,
Fraser,Quesnel,1962,0,0,30,7257,0,0,0,
Fraser,Quesnel,1963,0,0,0,956,0,0,0,
Fraser,Quesnel,1964,0,0,0,2812,0,0,0,
Fraser,Quesnel,1965,0,0,14161,1652107,904,0,0,
Fraser,Quesnel,1966,0,0,28,7038,396,0,0,
Fraser,Quesnel,1967,0,0,11,1750,0,0,0,
Fraser,Quesnel,1968,0,0,0,428,0,0,0,
Fraser,Quesnel,1969,0,0,6482,1626582,7768,0,0,
Fraser,Quesnel,1970,0,0,0,20339,0,0,0,
Fraser,Quesnel,1971,0,0,0,747,0,0,0,
Fraser,Quesnel,1972,0,0,9,856,0,0,0,
Fraser,Quesnel,1973,0,0,5641,2326864,3929,0,0,
Fraser,Quesnel,1974,0,0,21,29304,1699,0,0,
Fraser,Quesnel,1975,0,0,0,1865,0,0,0,
Fraser,Quesnel,1976,0,0,0,1233,0,0,0,
Fraser,Quesnel,1977,0,0,8446,3810786,59290,0,0,
Fraser,Quesnel,1978,0,0,142,186073,10509,0,0,
Fraser,Quesnel,1979,0,0,0,2103,3908,0,0,
Fraser,Quesnel,1980,0,0,0,2446,0,0,0,
Fraser,Quesnel,1981,0,0,19608,9553856,213188,0,0,
Fraser,Quesnel,1982,0,0,0,499074,56312,0,0,
Fraser,Quesnel,1983,0,0,33,31515,8864,156,0,
Fraser,Quesnel,1984,0,0,85,6868,0,0,0,
Fraser,Quesnel,1985,0,0,31005,12161364,351877,0,0,
Fraser,Quesnel,1986,0,0,41,2364628,168115,993,0,
Fraser,Quesnel,1987,0,0,11,119437,57144,0,0,
Fraser,Quesnel,1988,0,0,0,26342,0,0,0,
Fraser,Quesnel,1989,0,0,12539,10339444,289461,0,0,
Fraser,Quesnel,1990,0,0,585,2946813,336236,0,0,
Fraser,Quesnel,1991,0,0,26,100196,50953,0,0,
Fraser,Quesnel,1992,0,0,1,29213,0,0,0,
Fraser,Quesnel,1993,0,0,1924,6446036,403080,0,0,
Fraser,Quesnel,1994,0,0,248,2263471,213372,0,0,
Fraser,Quesnel,1995,0,0,0,119078,48228,0,0,
Fraser,Quesnel,1996,0,0,0,67906,22784,0,0,
Fraser,Quesnel,1997,0,0,1668,4358762,332343,0,0,
Fraser,Quesnel,1998,0,0,56,4467804,272015,0,0,
Fraser,Quesnel,1999,0,0,0,581976,228610,0,0,
Fraser,Quesnel,2000,0,0,0,38143,15667,0,0,
Fraser,Quesnel,2001,0,0,4969,3576455,119582,0,0,
Fraser,Quesnel,2002,0,0,38,603583,36644,0,0,
Fraser,Quesnel,2003,0,0,0,82424,61452,0,0,
Fraser,Quesnel,2004,0,0,0,6709,5107,0,0,
Fraser,Quesnel,2005,0,0,0,198574,18357,0,0,
Fraser,Quesnel,2006,0,0,236,585766,42264,190,0,
Fraser,Quesnel,2007,0,0,23,79347,598,0,0,
Fraser,Quesnel,2008,0,0,0,794,6440,0,0,
Fraser,Quesnel,2009,0,0,24,296551,23536,0,0,
Fraser,Quesnel,2010,0,0,3986,2495754,29731,0,0,
Fraser,Quesnel,2011,0,0,41,37396,3984,0,0,
Fraser,Quesnel,2012,0,0,1,295,206,0,0,
Fraser,Quesnel,2013,0,0,482,143727,8477,0,0,
Fraser,Quesnel,2014,0,0,1846,2130254,40321,0,0,
Fraser,Quesnel,2015,0,0,0,5174,1170,0,0,
Fraser,Quesnel,2016,0,0,0,296,730,0,0,
Fraser,Quesnel,2017,0,0,9,120329,682,0,0,
Fraser,Quesnel,2018,0,0,493,1501181,78000,0,0,
Fraser,Quesnel,2019,0,0,0,44000,0,0,0,
Fraser,Quesnel,2020,0,0,0,0,0,0,0,
Fraser,Quesnel,2021,0,0,0,0,0,0,0,
Fraser,Raft,1948,0,0,0,62653,684,0,0,
Fraser,Raft,1949,0,0,0,36748,2878,0,0,
Fraser,Raft,1950,0,0,17,39549,5990,0,0,
Fraser,Raft,1951,0,0,8,34636,13009,0,0,
Fraser,Raft,1952,0,0,5,46167,5010,0,0,
Fraser,Raft,1953,0,0,0,30285,1839,0,0,
Fraser,Raft,1954,0,0,231,38964,11293,0,0,
Fraser,Raft,1955,0,0,7,52497,8018,0,0,
Fraser,Raft,1956,0,0,0,17335,9805,0,0,
Fraser,Raft,1957,0,0,72,18932,2011,0,0,
Fraser,Raft,1958,0,0,23,22591,529,0,0,
Fraser,Raft,1959,0,0,0,20417,3197,0,0,
Fraser,Raft,1960,0,0,64,14715,2169,0,0,
Fraser,Raft,1961,0,0,32,22139,2154,0,0,
Fraser,Raft,1962,0,0,0,37568,2981,0,0,
Fraser,Raft,1963,0,0,18,9090,709,0,0,
Fraser,Raft,1964,0,0,81,40283,8360,0,0,
Fraser,Raft,1965,0,0,73,18867,1686,0,0,
Fraser,Raft,1966,0,0,320,20483,2736,0,0,
Fraser,Raft,1967,0,0,37,8226,1395,0,0,
Fraser,Raft,1968,0,0,98,100888,5411,0,0,
Fraser,Raft,1969,0,0,381,10279,3710,0,0,
Fraser,Raft,1970,0,0,37,8300,523,0,0,
Fraser,Raft,1971,0,0,33,9570,2758,0,0,
Fraser,Raft,1972,0,0,87,56973,761,0,0,
Fraser,Raft,1973,0,0,22,1616,7723,0,0,
Fraser,Raft,1974,0,0,206,11541,476,0,0,
Fraser,Raft,1975,0,0,7,5632,1077,0,0,
Fraser,Raft,1976,0,0,56,18539,1331,0,0,
Fraser,Raft,1977,0,0,0,2728,3189,0,0,
Fraser,Raft,1978,0,0,253,11888,6607,1023,0,
Fraser,Raft,1979,0,0,0,1183,1856,0,0,
Fraser,Raft,1980,0,0,112,47827,3784,0,0,
Fraser,Raft,1981,0,0,29,7366,1244,0,0,
Fraser,Raft,1982,0,0,0,2509,1261,0,0,
Fraser,Raft,1983,0,0,38,2855,2708,0,0,
Fraser,Raft,1984,0,0,325,32692,14038,0,0,
Fraser,Raft,1985,0,0,7,2830,1696,8,0,
Fraser,Raft,1986,0,0,0,2902,111,0,0,
Fraser,Raft,1987,0,0,0,1399,2421,0,0,
Fraser,Raft,1988,0,0,0,41783,8392,0,0,
Fraser,Raft,1989,0,0,7,7357,3935,310,0,
Fraser,Raft,1990,0,0,0,1610,934,0,0,
Fraser,Raft,1991,0,0,0,908,553,0,0,
Fraser,Raft,1992,0,0,6,65321,2024,0,0,
Fraser,Raft,1993,0,0,24,22386,10792,0,0,
Fraser,Raft,1994,0,0,0,4738,23734,396,0,
Fraser,Raft,1995,0,0,41,22745,4484,0,0,
Fraser,Raft,1996,0,0,593,89315,22684,0,0,
Fraser,Raft,1997,0,0,0,25983,25281,0,0,
Fraser,Raft,1998,0,0,8,4905,11325,0,0,
Fraser,Raft,1999,0,0,92,26426,34631,0,0,
Fraser,Raft,2000,0,0,53,107671,7672,0,0,
Fraser,Raft,2001,0,0,630,79640,16425,0,0,
Fraser,Raft,2002,0,0,45,21369,21419,0,0,
Fraser,Raft,2003,0,0,0,2545,5930,0,0,
Fraser,Raft,2004,0,0,1276,40915,9954,0,0,
Fraser,Raft,2005,0,0,198,6893,2677,0,0,
Fraser,Raft,2006,0,0,143,8128,9950,0,0,
Fraser,Raft,2007,0,0,0,6272,4874,0,0,
Fraser,Raft,2008,0,0,2,15504,3896,0,0,
Fraser,Raft,2009,0,0,5,21922,15492,0,0,
Fraser,Raft,2010,0,0,36,38701,5905,0,0,
Fraser,Raft,2011,0,0,43,18595,5136,0,0,
Fraser,Raft,2012,0,0,0,16984,4404,0,0,
Fraser,Raft,2013,0,0,6,2888,2523,0,0,
Fraser,Raft,2014,0,0,3,11192,665,0,0,
Fraser,Raft,2015,0,0,0,525,868,0,0,
Fraser,Raft,2016,0,0,0,5450,2231,0,0,
Fraser,Raft,2017,0,0,0,3271,879,0,0,
Fraser,Raft,2018,0,0,0,6219,2471,0,0,
Fraser,Raft,2019,0,0,35,10161,0,0,0,
Fraser,Raft,2020,0,0,0,0,0,0,0,
Fraser,Raft,2021,0,0,0,0,0,0,0,
Fraser,Stellako,1948,0,0,0,185175,22002,0,0,
Fraser,Stellako,1949,0,0,133,173402,6341,0,0,
Fraser,Stellako,1950,0,0,4630,903768,30719,0,0,
Fraser,Stellako,1951,0,0,26,354049,101292,0,0,
Fraser,Stellako,1952,0,0,23,93984,16694,0,0,
Fraser,Stellako,1953,0,0,30,156192,18023,0,0,
Fraser,Stellako,1954,0,0,3311,1140205,67783,0,0,
Fraser,Stellako,1955,0,0,28,602677,27091,0,0,
Fraser,Stellako,1956,0,0,92,220400,26243,0,0,
Fraser,Stellako,1957,0,0,8,143835,8000,0,0,
Fraser,Stellako,1958,0,0,1156,323089,16215,0,0,
Fraser,Stellako,1959,0,0,17,514918,26485,0,0,
Fraser,Stellako,1960,0,0,19,143340,21155,0,0,
Fraser,Stellako,1961,0,0,288,137046,10068,0,0,
Fraser,Stellako,1962,0,0,100,572029,17376,0,0,
Fraser,Stellako,1963,0,0,977,713487,13462,0,0,
Fraser,Stellako,1964,0,0,194,170674,6969,0,0,
Fraser,Stellako,1965,0,0,179,231100,12372,0,0,
Fraser,Stellako,1966,0,0,833,336316,22757,0,0,
Fraser,Stellako,1967,0,0,288,531886,18350,0,0,
Fraser,Stellako,1968,0,0,85,125900,3837,0,0,
Fraser,Stellako,1969,0,0,131,235729,17385,0,0,
Fraser,Stellako,1970,0,0,1170,228808,4130,0,0,
Fraser,Stellako,1971,0,0,496,508759,0,0,0,
Fraser,Stellako,1972,0,0,204,711226,44784,0,0,
Fraser,Stellako,1973,0,0,11,75813,10077,0,0,
Fraser,Stellako,1974,0,0,1823,281752,19534,0,0,
Fraser,Stellako,1975,0,0,3852,1832708,67564,0,0,
Fraser,Stellako,1976,0,0,150,216701,27506,0,0,
Fraser,Stellako,1977,0,0,74,209138,56488,0,0,
Fraser,Stellako,1978,0,0,860,388505,48040,0,0,
Fraser,Stellako,1979,0,0,31,478737,145156,0,0,
Fraser,Stellako,1980,0,0,207,535944,219255,0,0,
Fraser,Stellako,1981,0,0,28,234136,51734,0,0,
Fraser,Stellako,1982,0,0,1900,309369,46504,0,0,
Fraser,Stellako,1983,0,0,1129,1097744,158607,0,0,
Fraser,Stellako,1984,0,0,170,744589,266430,0,0,
Fraser,Stellako,1985,0,0,87,97659,30996,0,0,
Fraser,Stellako,1986,0,0,23,445398,116424,0,0,
Fraser,Stellako,1987,0,0,14,353471,82191,0,0,
Fraser,Stellako,1988,0,0,158,566227,425114,0,0,
Fraser,Stellako,1989,0,0,28,127212,95047,0,0,
Fraser,Stellako,1990,0,0,1145,861027,89664,0,0,
Fraser,Stellako,1991,0,0,259,299039,37271,0,0,
Fraser,Stellako,1992,0,0,275,734393,133793,0,0,
Fraser,Stellako,1993,0,0,13,68158,241673,0,0,
Fraser,Stellako,1994,0,0,127,593409,89353,0,0,
Fraser,Stellako,1995,0,0,75,127344,56540,0,0,
Fraser,Stellako,1996,0,0,16,635499,176479,0,0,
Fraser,Stellako,1997,0,0,0,68515,56658,0,0,
Fraser,Stellako,1998,0,0,73,504421,133503,0,0,
Fraser,Stellako,1999,0,0,0,143988,30474,0,0,
Fraser,Stellako,2000,0,0,0,647582,70089,0,0,
Fraser,Stellako,2001,0,0,0,203410,83718,0,0,
Fraser,Stellako,2002,0,0,47,224262,24066,0,0,
Fraser,Stellako,2003,0,0,5,34522,14605,0,0,
Fraser,Stellako,2004,0,0,485,213767,33678,0,0,
Fraser,Stellako,2005,0,0,12,6840,4754,0,0,
Fraser,Stellako,2006,0,0,206,401589,87302,0,0,
Fraser,Stellako,2007,0,0,22,108541,19902,0,0,
Fraser,Stellako,2008,0,0,504,265964,13749,0,0,
Fraser,Stellako,2009,0,0,0,151762,50866,0,0,
Fraser,Stellako,2010,0,0,16411,1501102,129587,488,0,
Fraser,Stellako,2011,0,0,0,41761,11940,0,0,
Fraser,Stellako,2012,0,0,67,42553,6994,0,0,
Fraser,Stellako,2013,0,0,235,108178,38089,0,0,
Fraser,Stellako,2014,0,0,462,360512,31792,0,0,
Fraser,Stellako,2015,0,0,66,53671,20469,0,0,
Fraser,Stellako,2016,0,0,63,36791,4837,0,0,
Fraser,Stellako,2017,0,0,47,132511,27578,0,0,
Fraser,Stellako,2018,0,0,9,200344,37000,0,0,
Fraser,Stellako,2019,0,0,0,47000,0,0,0,
Fraser,Stellako,2020,0,0,0,0,0,0,0,
Fraser,Stellako,2021,0,0,0,0,0,0,0,