Stock,BroodYear,Escapement,lnrs,a,b,wt
Alagnak,1955,NA,NA,1.22,3.15e-7,NA
Alagnak,1956,NA,NA,1.22,3.15e-7,NA
Alagnak,1957,NA,NA,1.22,3.15e-7,NA
Alagnak,1958,NA,NA,1.22,3.15e-7,NA
Alagnak,1959,NA,NA,1.22,3.15e-7,NA
Alagnak,1960,NA,NA,1.22,3.15e-7,NA
Alagnak,1961,NA,NA,1.22,3.15e-7,NA
Alagnak,1962,NA,NA,1.22,3.15e-7,NA
Alagnak,1963,203304,0.7132708445871759,1.22,3.15e-7,-0.4426883954128241
Alagnak,1964,248700,0.4289111894288873,1.22,3.15e-7,-0.7127483105711128
Alagnak,1965,175020,0.39473817280471957,1.22,3.15e-7,-0.7701305271952804
Alagnak,1966,174336,1.1768741174224946,1.22,3.15e-7,0.011789957422494668
Alagnak,1967,202626,0.6531136019873731,1.22,3.15e-7,-0.5030592080126268
Alagnak,1968,193872,0.25102588089415245,1.22,3.15e-7,-0.9079044391058476
Alagnak,1969,182490,-0.012713361771088873,1.22,3.15e-7,-1.1752290117710888
Alagnak,1970,177060,-0.1953387874338221,1.22,3.15e-7,-1.3595648874338222
Alagnak,1971,187302,0.5503410204197633,1.22,3.15e-7,-0.6106588495802366
Alagnak,1972,151188,-0.19689217914235096,1.22,3.15e-7,-1.3692679591423509
Alagnak,1973,35280,2.6768421192157033,1.22,3.15e-7,1.4679553192157033
Alagnak,1974,214848,2.3667729924784737,1.22,3.15e-7,1.2144501124784737
Alagnak,1975,100480,2.3198261583274418,1.22,3.15e-7,1.1314773583274418
Alagnak,1976,81822,1.438153345536381,1.22,3.15e-7,0.24392727553638105
Alagnak,1977,108910.5,2.219884425753841,1.22,3.15e-7,1.034191233253841
Alagnak,1978,584970,1.3134919279626713,1.22,3.15e-7,0.27775747796267125
Alagnak,1979,750210,1.033373087003462,1.22,3.15e-7,0.04968923700346206
Alagnak,1980,759645,-0.16655876668401673,1.22,3.15e-7,-1.1472705916840167
Alagnak,1981,209635.5,1.7301901773788735,1.22,3.15e-7,0.5762253598788736
Alagnak,1982,610215,0.23709880604735345,1.22,3.15e-7,-0.7906834689526464
Alagnak,1983,245361,0.621086452890132,1.22,3.15e-7,-0.5216248321098681
Alagnak,1984,549193.5,1.5026910257023638,1.22,3.15e-7,0.4556869782023638
Alagnak,1985,300976.5,1.6987021725413056,1.22,3.15e-7,0.5735097700413057
Alagnak,1986,586959,1.2419739689790794,1.22,3.15e-7,0.20686605397907942
Alagnak,1987,393235.5,0.672512914635943,1.22,3.15e-7,-0.423617902864057
Alagnak,1988,496306.5,0.942582539285802,1.22,3.15e-7,-0.1210809132141979
Alagnak,1989,501738,1.698300957665945,1.22,3.15e-7,0.636348427665945
Alagnak,1990,430338,1.0929033518481877,1.22,3.15e-7,0.00845982184818772
Alagnak,1991,707851.95,1.579318612987465,1.22,3.15e-7,0.5822919772374651
Alagnak,1992,577939.65,-1.129194136781853,1.22,3.15e-7,-2.1671431470318527
Alagnak,1993,887336.25,0.5296367234525098,1.22,3.15e-7,-0.4108523577974902
Alagnak,1994,618464.25,0.9276611004604335,1.22,3.15e-7,-0.0975226607895664
Alagnak,1995,550068.15,1.9577530434822907,1.22,3.15e-7,0.9110245107322907
Alagnak,1996,782212.5,0.5974226746224656,1.22,3.15e-7,-0.3761803878775344
Alagnak,1997,556193.25,0.9167233734761738,1.22,3.15e-7,-0.1280757527738262
Alagnak,1998,643110,1.4630915978125998,1.22,3.15e-7,0.4456712478125997
Alagnak,1999,1182180,1.1481117040424262,1.22,3.15e-7,0.30049840404242634
Alagnak,2000,1150815,2.1369337705698412,1.22,3.15e-7,1.2794404955698413
Alagnak,2001,680850,0.9015292337861548,1.22,3.15e-7,-0.10400301621384511
Alagnak,2002,766962,1.5810524396669972,1.22,3.15e-7,0.6026454696669972
Alagnak,2003,3676146,0.600458619439907,1.22,3.15e-7,0.538444609439907
Alagnak,2004,5396592,-0.7637098142694039,1.22,3.15e-7,-0.28378333426940383
Alagnak,2005,4218990,-0.39567468554182744,1.22,3.15e-7,-0.2866928355418275
Alagnak,2006,1773966,0.3187477548146681,1.22,3.15e-7,-0.3424529551853319
Alagnak,2007,2466414,-0.10991760547478507,1.22,3.15e-7,-0.552997195474785
Alagnak,2008,2180502,-0.12477181470959933,1.22,3.15e-7,-0.6579136847095993
Alagnak,2009,970818,0.36977188636848335,1.22,3.15e-7,-0.5444204436315166
Alagnak,2010,1187730,1.6996146208193297,1.22,3.15e-7,0.8537495708193297
Alagnak,2011,883794,1.9429038457722174,1.22,3.15e-7,1.0012989557722174
Alagnak,2012,861747,1.1884712705643992,1.22,3.15e-7,0.2399215755643992
Alagnak,2013,1095950,1.2765825091211782,1.22,3.15e-7,0.40180675912117825
Alagnak,2014,189452,2.4896764855593525,1.22,3.15e-7,1.3293538655593524
Alagnak,2015,5452026,-0.15039863119961197,1.22,3.15e-7,0.3469895588003882
Alagnak,2016,1677769,NA,1.22,3.15e-7,NA
Alagnak,2017,2041824,NA,1.22,3.15e-7,NA
Alagnak,2018,1581426,NA,1.22,3.15e-7,NA
Alagnak,2019,820458,NA,1.22,3.15e-7,NA
Alagnak,2020,2386518,NA,1.22,3.15e-7,NA
Alagnak,2021,3236904,NA,1.22,3.15e-7,NA
Alagnak,2022,1668222,NA,1.22,3.15e-7,NA
Alagnak,2023,1099050,NA,1.22,3.15e-7,NA
Egegik,1955,NA,NA,1.41,-1.29e-7,NA
Egegik,1956,NA,NA,1.41,-1.29e-7,NA
Egegik,1957,NA,NA,1.41,-1.29e-7,NA
Egegik,1958,NA,NA,1.41,-1.29e-7,NA
Egegik,1959,NA,NA,1.41,-1.29e-7,NA
Egegik,1960,NA,NA,1.41,-1.29e-7,NA
Egegik,1961,NA,NA,1.41,-1.29e-7,NA
Egegik,1962,NA,NA,1.41,-1.29e-7,NA
Egegik,1963,997602,-0.0037456363810325823,1.41,-1.29e-7,-1.5424362943810326
Egegik,1964,849576,0.8246136084006305,1.41,-1.29e-7,-0.6949816955993694
Egegik,1965,1444608,0.5028213726644506,1.41,-1.29e-7,-1.0935330593355495
Egegik,1966,804246,0.9397163949822732,1.41,-1.29e-7,-0.5740313390177266
Egegik,1967,636864,0.9406567594287294,1.41,-1.29e-7,-0.5514986965712705
Egegik,1968,338654,0.10741498905716229,1.41,-1.29e-7,-1.3462713769428376
Egegik,1969,1015554,0.9982472721606742,1.41,-1.29e-7,-0.5427591938393258
Egegik,1970,919734,0.2681436539002784,1.41,-1.29e-7,-1.2605020320997216
Egegik,1971,634014,1.4491865132918385,1.41,-1.29e-7,-0.042601292708161376
Egegik,1972,546402,1.6725197277966888,1.41,-1.29e-7,0.1920338697966888
Egegik,1973,328842,1.4849036723415503,1.41,-1.29e-7,0.03248305434155041
Egegik,1974,1275630,0.6490939713529387,1.41,-1.29e-7,-0.9254622986470613
Egegik,1975,1173840,0.9516326034206561,1.41,-1.29e-7,-0.6097927565793437
Egegik,1976,509160,2.174721968382974,1.41,-1.29e-7,0.6990403283829743
Egegik,1977,692514,1.7947695641318584,1.41,-1.29e-7,0.29543525813185845
Egegik,1978,895698,2.404190894444345,1.41,-1.29e-7,0.8786458524443452
Egegik,1979,1032042,1.364641286165273,1.41,-1.29e-7,-0.178492131834727
Egegik,1980,1060860,2.047784446039987,1.41,-1.29e-7,0.5009335060399873
Egegik,1981,694680,2.05837451062675,1.41,-1.29e-7,0.55876079062675
Egegik,1982,1034628,1.827721586804954,1.41,-1.29e-7,0.2842545748049541
Egegik,1983,792282,2.613460534236122,1.41,-1.29e-7,1.101256156236122
Egegik,1984,1165345,2.3122271048878056,1.41,-1.29e-7,0.7518975998878057
Egegik,1985,1095192,1.7626588276949138,1.41,-1.29e-7,0.21137905969491388
Egegik,1986,1152180,2.512088399665703,1.41,-1.29e-7,0.9534571796657032
Egegik,1987,1273553,3.005903078840775,1.41,-1.29e-7,1.4316147418407748
Egegik,1988,1612745,2.49068757183024,1.41,-1.29e-7,0.8726434668302401
Egegik,1989,1611566,1.8387374207785612,1.41,-1.29e-7,0.22084540677856124
Egegik,1990,2191582,1.9917278740144693,1.41,-1.29e-7,0.2990137960144694
Egegik,1991,2786925,1.2725294192057017,1.41,-1.29e-7,-0.4969839057942982
Egegik,1992,1945632,1.4941258256215562,1.41,-1.29e-7,-0.16686070237844386
Egegik,1993,1517000,0.24390684721813216,1.41,-1.29e-7,-1.361786152781868
Egegik,1994,1897977,1.4360845282368062,1.41,-1.29e-7,-0.2187545047631938
Egegik,1995,1266692,1.7815403925822701,1.41,-1.29e-7,0.2081371245822703
Egegik,1996,1076460,1.352156333329239,1.41,-1.29e-7,-0.19670700667076102
Egegik,1997,1104004,1.7032699232913413,1.41,-1.29e-7,0.15085340729134145
Egegik,1998,1110938,0.1342167041030817,1.41,-1.29e-7,-1.419094297896918
Egegik,1999,1728397,2.0181067254536242,1.41,-1.29e-7,0.3851435124536242
Egegik,2000,1032138,2.456433399598445,1.41,-1.29e-7,0.9132875975984451
Egegik,2001,968872,1.5973553552351771,1.41,-1.29e-7,0.06237086723517726
Egegik,2002,1036092,1.6307810112465393,1.41,-1.29e-7,0.08712514324653942
Egegik,2003,1152120,2.0333202533592263,1.41,-1.29e-7,0.47469677335922644
Egegik,2004,1290144,2.394231268536917,1.41,-1.29e-7,0.8178026925369173
Egegik,2005,1621734,1.3386354437833976,1.41,-1.29e-7,-0.28056824221660226
Egegik,2006,1465158,0.8917157037633312,1.41,-1.29e-7,-0.7072896782366687
Egegik,2007,1432500,1.5034845111842612,1.41,-1.29e-7,-0.09130798881573865
Egegik,2008,1259568,1.1124707723107905,1.41,-1.29e-7,-0.46001349968920935
Egegik,2009,1146276,1.369295374249837,1.41,-1.29e-7,-0.18857422975016291
Egegik,2010,927054,2.3694277381697333,1.41,-1.29e-7,0.8398377721697334
Egegik,2011,961200,2.276392851030886,1.41,-1.29e-7,0.7423980510308863
Egegik,2012,1233900,2.0486464802558793,1.41,-1.29e-7,0.47947338025587927
Egegik,2013,1113630,1.6875573397985977,1.41,-1.29e-7,0.13389906979859778
Egegik,2014,1382466,1.4371666402842853,1.41,-1.29e-7,-0.1511714737157146
Egegik,2015,2160792,2.466980892394619,1.41,-1.29e-7,0.7782387243946192
Egegik,2016,1837260,NA,1.41,-1.29e-7,NA
Egegik,2017,2600982,NA,1.41,-1.29e-7,NA
Egegik,2018,1608354,NA,1.41,-1.29e-7,NA
Egegik,2019,2340210,NA,1.41,-1.29e-7,NA
Egegik,2020,2389728,NA,1.41,-1.29e-7,NA
Egegik,2021,1832196,NA,1.41,-1.29e-7,NA
Egegik,2022,1786152,NA,1.41,-1.29e-7,NA
Egegik,2023,1562700,NA,1.41,-1.29e-7,NA
Igushik,1955,NA,NA,1.46,1.72e-6,NA
Igushik,1956,NA,NA,1.46,1.72e-6,NA
Igushik,1957,NA,NA,1.46,1.72e-6,NA
Igushik,1958,NA,NA,1.46,1.72e-6,NA
Igushik,1959,NA,NA,1.46,1.72e-6,NA
Igushik,1960,NA,NA,1.46,1.72e-6,NA
Igushik,1961,NA,NA,1.46,1.72e-6,NA
Igushik,1962,NA,NA,1.46,1.72e-6,NA
Igushik,1963,92184,1.3848536001800753,1.46,1.72e-6,0.08341008018007545
Igushik,1964,128532,1.5121113392344612,1.46,1.72e-6,0.2731863792344613
Igushik,1965,180840,1.5005561606252023,1.46,1.72e-6,0.3516009606252022
Igushik,1966,206360,0.3777984008725587,1.46,1.72e-6,-0.7272623991274412
Igushik,1967,281772,-0.8068433841835327,1.46,1.72e-6,-1.7821955441835327
Igushik,1968,194508,-0.20205525139293976,1.46,1.72e-6,-1.3275014913929397
Igushik,1969,512328,-0.07203105720357562,1.46,1.72e-6,-0.6508268972035756
Igushik,1970,370920,-0.25498723992970124,1.46,1.72e-6,-1.0770048399297012
Igushik,1971,210960,0.20676091357251647,1.46,1.72e-6,-0.8903878864274836
Igushik,1972,60018,1.3523060536893938,1.46,1.72e-6,-0.004462986310606043
Igushik,1973,59508,2.0275709061654195,1.46,1.72e-6,0.6699246661654195
Igushik,1974,358752,1.2618783492754841,1.46,1.72e-6,0.41893178927548425
Igushik,1975,241086,2.456107471224378,1.46,1.72e-6,1.4107753912243781
Igushik,1976,186120,1.9849190635251777,1.46,1.72e-6,0.8450454635251776
Igushik,1977,95970,2.1579033695268137,1.46,1.72e-6,0.8629717695268138
Igushik,1978,536154,0.04756948138663702,1.46,1.72e-6,-0.49024563861336296
Igushik,1979,859560,0.042050663493347795,1.46,1.72e-6,0.0604938634933479
Igushik,1980,1987530,-1.4992667948597937,1.46,1.72e-6,0.45928480514020653
Igushik,1981,591144,0.3497281444642053,1.46,1.72e-6,-0.0935041755357946
Igushik,1982,423768,-0.20099156592667716,1.46,1.72e-6,-0.932110605926677
Igushik,1983,180438,0.7735873094366588,1.46,1.72e-6,-0.37605933056334107
Igushik,1984,184872,1.0398286428562473,1.46,1.72e-6,-0.10219151714375263
Igushik,1985,212454,1.6791372319972946,1.46,1.72e-6,0.5845581119972947
Igushik,1986,307728,1.7095181266859685,1.46,1.72e-6,0.7788102866859685
Igushik,1987,169236,0.9679359856124516,1.46,1.72e-6,-0.20097809438754832
Igushik,1988,170454,1.2829906383197425,1.46,1.72e-6,0.11617151831974248
Igushik,1989,461610,0.7647846427725346,1.46,1.72e-6,0.09875384277253463
Igushik,1990,365802,1.212268668003951,1.46,1.72e-6,0.381448108003951
Igushik,1991,756126,0.2633556635164586,1.46,1.72e-6,0.10389238351645863
Igushik,1992,304920,-0.7815459550885245,1.46,1.72e-6,-1.7170835550885246
Igushik,1993,405564,-0.12425861983371575,1.46,1.72e-6,-0.8866885398337158
Igushik,1994,445920,0.3920286535708308,1.46,1.72e-6,-0.3009889464291691
Igushik,1995,473382,0.99334937479989,1.46,1.72e-6,0.34756641479989014
Igushik,1996,400746,0.7938701046781891,1.46,1.72e-6,0.023153224678189144
Igushik,1997,127704,-0.2511170082441931,1.46,1.72e-6,-1.491466128244193
Igushik,1998,215904,0.9099608144433192,1.46,1.72e-6,-0.1786843055566808
Igushik,1999,445536,-0.20628243936588853,1.46,1.72e-6,-0.8999605193658885
Igushik,2000,413316,0.6192980177458046,1.46,1.72e-6,-0.12979846225419533
Igushik,2001,409596,0.17944518464609985,1.46,1.72e-6,-0.5760496953539002
Igushik,2002,123156,1.3915199905591034,1.46,1.72e-6,0.14334831055910335
Igushik,2003,194088,2.3756877670759673,1.46,1.72e-6,1.2495191270759674
Igushik,2004,109650,2.8177353394989235,1.46,1.72e-6,1.5463333394989236
Igushik,2005,365712,1.4632315652886532,1.46,1.72e-6,0.6322562052886532
Igushik,2006,305268,1.1918177528294218,1.46,1.72e-6,0.2568787128294219
Igushik,2007,415452,0.38242001328112446,1.46,1.72e-6,-0.3630025467188755
Igushik,2008,1054704,-0.4629656650427553,1.46,1.72e-6,-0.10887478504275533
Igushik,2009,514188,0.6055196037314307,1.46,1.72e-6,0.029922963731430663
Igushik,2010,518040,1.1968653516588117,1.46,1.72e-6,0.6278941516588118
Igushik,2011,421380,1.5498901483918297,1.46,1.72e-6,0.8146637483918298
Igushik,2012,193326,1.2666146149774888,1.46,1.72e-6,0.13913533497748887
Igushik,2013,387036,1.6877222376508445,1.46,1.72e-6,0.8934241576508446
Igushik,2014,340590,1.696148150150816,1.46,1.72e-6,0.821962950150816
Igushik,2015,651172,0.38183695529570294,1.46,1.72e-6,0.04185279529570296
Igushik,2016,469230,NA,1.46,1.72e-6,NA
Igushik,2017,578700,NA,1.46,1.72e-6,NA
Igushik,2018,770772,NA,1.46,1.72e-6,NA
Igushik,2019,256074,NA,1.46,1.72e-6,NA
Igushik,2020,323814,NA,1.46,1.72e-6,NA
Igushik,2021,878952,NA,1.46,1.72e-6,NA
Igushik,2022,378768,NA,1.46,1.72e-6,NA
Igushik,2023,542496,NA,1.46,1.72e-6,NA
Kvichak,1955,NA,NA,0.89,3.91e-8,NA
Kvichak,1956,NA,NA,0.89,3.91e-8,NA
Kvichak,1957,NA,NA,0.89,3.91e-8,NA
Kvichak,1958,NA,NA,0.89,3.91e-8,NA
Kvichak,1959,NA,NA,0.89,3.91e-8,NA
Kvichak,1960,NA,NA,0.89,3.91e-8,NA
Kvichak,1961,NA,NA,0.89,3.91e-8,NA
Kvichak,1962,NA,NA,0.89,3.91e-8,NA
Kvichak,1963,338760,1.4104827570942537,0.89,3.91e-8,0.5337282730942537
Kvichak,1964,957120,1.795374001868327,0.89,3.91e-8,0.9427973938683271
Kvichak,1965,24325926,0.6331930114148103,0.89,3.91e-8,0.6943367180148103
Kvichak,1966,3755185,0.5520529917913827,0.89,3.91e-8,-0.19111927470861734
Kvichak,1967,3216208,-0.5893181030324256,0.89,3.91e-8,-1.3535643702324256
Kvichak,1968,2557440,-1.3926267934837055,0.89,3.91e-8,-2.1826308894837054
Kvichak,1969,8394204,-0.42031891581688896,0.89,3.91e-8,-0.9821055394168889
Kvichak,1970,13935306,0.0975931438755162,0.89,3.91e-8,-0.2475363915244838
Kvichak,1971,2387392,-0.15907442513344,0.89,3.91e-8,-0.95572739793344
Kvichak,1972,1009962,1.168333337733698,0.89,3.91e-8,0.31782285193369797
Kvichak,1973,226554,2.274701501222219,0.89,3.91e-8,1.3935597626222191
Kvichak,1974,4433844,1.7605030131105308,0.89,3.91e-8,1.0438663135105308
Kvichak,1975,13140450,1.0470179784865037,0.89,3.91e-8,0.6708095734865037
Kvichak,1976,1965282,1.6961323456640987,0.89,3.91e-8,0.8829748718640986
Kvichak,1977,1341144,0.8344870560797132,0.89,3.91e-8,-0.003074213520286806
Kvichak,1978,4149288,0.19748621867094276,0.89,3.91e-8,-0.5302766205290572
Kvichak,1979,11218434,1.344798566589342,0.89,3.91e-8,0.893439335989342
Kvichak,1980,22505268,-0.580265899324601,0.89,3.91e-8,-0.5903099205246011
Kvichak,1981,1754358,0.15514572973555726,0.89,3.91e-8,-0.6662588724644427
Kvichak,1982,1134840,0.28511823891248483,0.89,3.91e-8,-0.5605095170875152
Kvichak,1983,3569982,1.3503275136275559,0.89,3.91e-8,0.5999138098275558
Kvichak,1984,10490670,0.7974168987915212,0.89,3.91e-8,0.3176020957915212
Kvichak,1985,7211046,0.9320972489107151,0.89,3.91e-8,0.324049147510715
Kvichak,1986,1179322,1.2495680052496732,0.89,3.91e-8,0.4056794954496732
Kvichak,1987,6065880,0.6524660657791136,0.89,3.91e-8,-3.5802622088643155e-4
Kvichak,1988,4065216,0.8173575510440103,0.89,3.91e-8,0.08630749664401027
Kvichak,1989,8317500,1.092519530811371,0.89,3.91e-8,0.5277337808113711
Kvichak,1990,6970020,1.327900897339749,0.89,3.91e-8,0.710428679339749
Kvichak,1991,4222788,0.09362588088074603,0.89,3.91e-8,-0.6312631083192539
Kvichak,1992,4725864,-0.9241203088150252,0.89,3.91e-8,-1.6293390264150251
Kvichak,1993,4025166,-0.251383076217737,0.89,3.91e-8,-0.983999085617737
Kvichak,1994,8355936,-0.13468004897134175,0.89,3.91e-8,-0.6979629513713418
Kvichak,1995,10038720,0.05786834743856574,0.89,3.91e-8,-0.4396177005614343
Kvichak,1996,1450578,0.4436714414270566,0.89,3.91e-8,-0.3896109587729434
Kvichak,1997,1503732,-0.6109940028133016,0.89,3.91e-8,-1.4421980816133018
Kvichak,1998,2296074,-0.6044637207200589,0.89,3.91e-8,-1.4046872273200588
Kvichak,1999,6196914,0.17456435306885715,0.89,3.91e-8,-0.4731363095311429
Kvichak,2000,1827780,0.8465600692350191,0.89,3.91e-8,0.02802626723501911
Kvichak,2001,1095348,1.3953536660648267,0.89,3.91e-8,0.5481817728648267
Kvichak,2002,703884,1.7073000888703953,0.89,3.91e-8,0.8448219532703953
Kvichak,2003,1686804,1.0799060092097845,0.89,3.91e-8,0.2558600456097845
Kvichak,2004,5500134,0.6857916332781693,0.89,3.91e-8,0.010846872678169195
Kvichak,2005,2320332,1.418263827898004,0.89,3.91e-8,0.618988809098004
Kvichak,2006,3068226,0.9975031814813545,0.89,3.91e-8,0.2274708180813545
Kvichak,2007,2810208,1.516139910842655,0.89,3.91e-8,0.736019043642655
Kvichak,2008,2757912,0.8694686466051398,0.89,3.91e-8,0.08730300580513972
Kvichak,2009,2266140,1.7387839397919886,0.89,3.91e-8,0.9373900137919886
Kvichak,2010,4207410,1.8126670896595163,0.89,3.91e-8,1.0871768206595163
Kvichak,2011,2264352,1.2783348313723972,0.89,3.91e-8,0.47687099457239723
Kvichak,2012,4164444,1.0415964388849206,0.89,3.91e-8,0.31442619928492055
Kvichak,2013,2088576,1.1493207142974762,0.89,3.91e-8,0.34098403589747617
Kvichak,2014,4458540,0.40146719271062836,0.89,3.91e-8,-0.3142038932893716
Kvichak,2015,7348572,0.5844470856593792,0.89,3.91e-8,-0.01822374914062086
Kvichak,2016,4462728,NA,0.89,3.91e-8,NA
Kvichak,2017,3163404,NA,0.89,3.91e-8,NA
Kvichak,2018,4398708,NA,0.89,3.91e-8,NA
Kvichak,2019,2371242,NA,0.89,3.91e-8,NA
Kvichak,2020,4030968,NA,0.89,3.91e-8,NA
Kvichak,2021,4703520,NA,0.89,3.91e-8,NA
Kvichak,2022,4224882,NA,0.89,3.91e-8,NA
Kvichak,2023,3751686,NA,0.89,3.91e-8,NA
Nushagak,1955,NA,NA,1.52,6.81e-7,NA
Nushagak,1956,NA,NA,1.52,6.81e-7,NA
Nushagak,1957,NA,NA,1.52,6.81e-7,NA
Nushagak,1958,NA,NA,1.52,6.81e-7,NA
Nushagak,1959,NA,NA,1.52,6.81e-7,NA
Nushagak,1960,NA,NA,1.52,6.81e-7,NA
Nushagak,1961,NA,NA,1.52,6.81e-7,NA
Nushagak,1962,NA,NA,1.52,6.81e-7,NA
Nushagak,1963,234820.8018,-0.08892641207849211,1.52,6.81e-7,-1.449013446052692
Nushagak,1964,134852.6266,-0.36790865095988995,1.52,6.81e-7,-1.7960740122452898
Nushagak,1965,255793.5021,1.1146076033881773,1.52,6.81e-7,-0.23119702168172274
Nushagak,1966,233577.6147,1.0998001023673751,1.52,6.81e-7,-0.26113354202192496
Nushagak,1967,74002.81765,1.1209925851672493,1.52,6.81e-7,-0.3486114960131006
Nushagak,1968,142360.4153,0.8828012632026259,1.52,6.81e-7,-0.5402512939780741
Nushagak,1969,95805.0467,1.6395972690121807,1.52,6.81e-7,0.18484050581488076
Nushagak,1970,452891.7581,0.7808021494032721,1.52,6.81e-7,-0.4307785633306279
Nushagak,1971,312699.1781,1.1734525067951607,1.52,6.81e-7,-0.13359935291873937
Nushagak,1972,39850.56376,3.360622523667691,1.52,6.81e-7,1.867760757588251
Nushagak,1973,210600.7728,1.8800115894015552,1.52,6.81e-7,0.5034307156783553
Nushagak,1974,204190.1742,0.630607974369117,1.52,6.81e-7,-0.750338517000683
Nushagak,1975,832092.6013,1.9747621592414555,1.52,6.81e-7,1.0214172207267556
Nushagak,1976,520302.5868,2.12396277891288,1.52,6.81e-7,0.95828884052368
Nushagak,1977,611588.3606,1.6660612039701428,1.52,6.81e-7,0.5625528775387427
Nushagak,1978,734040.0845,0.7237649503757136,1.52,6.81e-7,-0.2963537520797864
Nushagak,1979,551271.6622,1.208631366829755,1.52,6.81e-7,0.06404736878795503
Nushagak,1980,3669136.414,-1.1091164033864644,1.52,6.81e-7,-0.1304345054524645
Nushagak,1981,1118872.875,0.5691356569163211,1.52,6.81e-7,-0.1889119152086789
Nushagak,1982,664579.7666,0.697642889623976,1.52,6.81e-7,-0.369778289321424
Nushagak,1983,446845.0461,1.2429837496419054,1.52,6.81e-7,0.02728522603600525
Nushagak,1984,655739.2017,0.1491951875710763,1.52,6.81e-7,-0.9242464160712237
Nushagak,1985,551319.2218,0.9438914488311552,1.52,6.81e-7,-0.20066016112304474
Nushagak,1986,1095241.259,0.6474200277133136,1.52,6.81e-7,-0.12672067490768635
Nushagak,1987,429181.6128,1.490596603587565,1.52,6.81e-7,0.2628692819043652
Nushagak,1988,534459.8784,1.5654657328649835,1.52,6.81e-7,0.4094329100553835
Nushagak,1989,567863.3443,0.9014334928449952,1.52,6.81e-7,-0.23185156968670495
Nushagak,1990,752513.138,0.45765731434644186,1.52,6.81e-7,-0.5498812386755582
Nushagak,1991,544748.2476,1.0072015412155289,1.52,6.81e-7,-0.14182490216887111
Nushagak,1992,768816.1441,0.45564887617187333,1.52,6.81e-7,-0.5407873296960266
Nushagak,1993,790926.9579,0.3061986381138321,1.52,6.81e-7,-0.6751801035562679
Nushagak,1994,563334.117,-0.27963265903838397,1.52,6.81e-7,-1.416002125361384
Nushagak,1995,311136.3458,1.3485756752140328,1.52,6.81e-7,0.04045952670383279
Nushagak,1996,557057.3491,1.4333184085320767,1.52,6.81e-7,0.2926744632691767
Nushagak,1997,412591.0367,0.277047203951864,1.52,6.81e-7,-0.9619783000554359
Nushagak,1998,507532.2674,1.6585860242619928,1.52,6.81e-7,0.48421549836139266
Nushagak,1999,344972.2727,1.6260359269460045,1.52,6.81e-7,0.34096204465470437
Nushagak,2000,446286.4967,2.1776340298964025,1.52,6.81e-7,0.9615551341491027
Nushagak,2001,897112.175,1.087968905423709,1.52,6.81e-7,0.17890229659870893
Nushagak,2002,349155.3099,1.7861605592219862,1.52,6.81e-7,0.5039353252638863
Nushagak,2003,642092.8998,1.2301872180205649,1.52,6.81e-7,0.14745248278436485
Nushagak,2004,543872.2652,1.2167258331304678,1.52,6.81e-7,0.0671028457316678
Nushagak,2005,1106703,0.248032330463763,1.52,6.81e-7,-0.5183029265362371
Nushagak,2006,548410,0.8139004066099479,1.52,6.81e-7,-0.3326323833900521
Nushagak,2007,518041,0.5657346001221879,1.52,6.81e-7,-0.6014794788778122
Nushagak,2008,492546,1.4828345777906644,1.52,6.81e-7,0.2982584037906644
Nushagak,2009,484149,0.9762561399132016,1.52,6.81e-7,-0.21403839108679834
Nushagak,2010,468696,1.654930801385234,1.52,6.81e-7,0.45411277738523403
Nushagak,2011,428191,1.7356312886865641,1.52,6.81e-7,0.5072293596865642
Nushagak,2012,432438,2.470362493182994,1.52,6.81e-7,1.2448527711829942
Nushagak,2013,894148,2.5959770867052563,1.52,6.81e-7,1.6848918747052561
Nushagak,2014,618477,2.0654937910648465,1.52,6.81e-7,0.9666766280648464
Nushagak,2015,796684,1.1313032573589372,1.52,6.81e-7,0.15384506135893727
Nushagak,2016,680512,NA,1.52,6.81e-7,NA
Nushagak,2017,2852308,NA,1.52,6.81e-7,NA
Nushagak,2018,1247460,NA,1.52,6.81e-7,NA
Nushagak,2019,709431,NA,1.52,6.81e-7,NA
Nushagak,2020,1228059,NA,1.52,6.81e-7,NA
Nushagak,2021,4697299,NA,1.52,6.81e-7,NA
Nushagak,2022,3455272,NA,1.52,6.81e-7,NA
Nushagak,2023,1772676,NA,1.52,6.81e-7,NA
Naknek,1955,NA,NA,1.51,2.95e-7,NA
Naknek,1956,NA,NA,1.51,2.95e-7,NA
Naknek,1957,NA,NA,1.51,2.95e-7,NA
Naknek,1958,NA,NA,1.51,2.95e-7,NA
Naknek,1959,NA,NA,1.51,2.95e-7,NA
Naknek,1960,NA,NA,1.51,2.95e-7,NA
Naknek,1961,NA,NA,1.51,2.95e-7,NA
Naknek,1962,NA,NA,1.51,2.95e-7,NA
Naknek,1963,905358,0.6340662585358025,1.51,2.95e-7,-0.6088531314641975
Naknek,1964,1349604,0.4992851753663562,1.51,2.95e-7,-0.6125816446336437
Naknek,1965,717798,1.307924524648576,1.51,2.95e-7,0.00967493464857605
Naknek,1966,1016445,1.4201110520622169,1.51,2.95e-7,0.20996232706221685
Naknek,1967,755640,0.7198431592916322,1.51,2.95e-7,-0.5672430407083678
Naknek,1968,1023222,-0.47188441098027334,1.51,2.95e-7,-1.6800339209802735
Naknek,1969,1331202,0.4764874494956643,1.51,2.95e-7,-0.6408079605043357
Naknek,1970,732502,1.2416034035698076,1.51,2.95e-7,-0.05230850643019247
Naknek,1971,935754,1.5366755117488915,1.51,2.95e-7,0.30272294174889147
Naknek,1972,586518,1.0730858291258345,1.51,2.95e-7,-0.26389136087416554
Naknek,1973,356676,2.0398588825859054,1.51,2.95e-7,0.6350783025859055
Naknek,1974,1241058,0.7557661791412692,1.51,2.95e-7,-0.3881217108587308
Naknek,1975,2026686,0.9414304612793233,1.51,2.95e-7,0.029302831279323205
Naknek,1976,1320750,1.9181057233670722,1.51,2.95e-7,0.7977269733670722
Naknek,1977,1085856,1.2316396268086944,1.51,2.95e-7,0.0419671468086944
Naknek,1978,813378,1.2319897630947405,1.51,2.95e-7,-0.0380637269052595
Naknek,1979,925362,1.4550983386664043,1.51,2.95e-7,0.21808012866640425
Naknek,1980,2644698,0.6228785970277165,1.51,2.95e-7,-0.10693549297228355
Naknek,1981,1796220,0.9626835631391448,1.51,2.95e-7,-0.01743153686085519
Naknek,1982,1155552,0.47017825942619534,1.51,2.95e-7,-0.6989339005738047
Naknek,1983,888294,0.5121997267044847,1.51,2.95e-7,-0.7357535432955153
Naknek,1984,1242474,1.2846946909842274,1.51,2.95e-7,0.14122452098422733
Naknek,1985,1849938,1.3678323492236104,1.51,2.95e-7,0.4035640592236104
Naknek,1986,1977645,1.8632114120342187,1.51,2.95e-7,0.9366166870342186
Naknek,1987,1061806,1.6508883224909505,1.51,2.95e-7,0.45412109249095045
Naknek,1988,1037862,1.0700361374865761,1.51,2.95e-7,-0.13379457251342397
Naknek,1989,1161984,0.9919461015977574,1.51,2.95e-7,-0.17526861840224262
Naknek,1990,2092578,0.6473039740587319,1.51,2.95e-7,-0.24538551594126823
Naknek,1991,3578508,0.2574466157370952,1.51,2.95e-7,-0.1968935242629048
Naknek,1992,1606650,-0.08106053489589155,1.51,2.95e-7,-1.1170987848958915
Naknek,1993,1535658,0.5660705489690027,1.51,2.95e-7,-0.4909103410309975
Naknek,1994,990810,0.8831258978228507,1.51,2.95e-7,-0.33458515217714946
Naknek,1995,1111140,1.6742608828591534,1.51,2.95e-7,0.4920471828591533
Naknek,1996,1078098,1.7924635249511987,1.51,2.95e-7,0.6005024349511987
Naknek,1997,1025664,1.215244784442297,1.51,2.95e-7,0.007815664442297088
Naknek,1998,1202172,1.1690152185862959,1.51,2.95e-7,0.013655958586295869
Naknek,1999,1625364,0.8393395320592878,1.51,2.95e-7,-0.19117808794071212
Naknek,2000,1375488,1.8811409807354358,1.51,2.95e-7,0.7769099407354356
Naknek,2001,1830360,0.9287812560970345,1.51,2.95e-7,-0.041262543902965465
Naknek,2002,1263918,1.5202359138933699,1.51,2.95e-7,0.38309172389336976
Naknek,2003,1831170,1.91265201421646,1.51,2.95e-7,0.94284716421646
Naknek,2004,1939674,0.7970218068564018,1.51,2.95e-7,-0.14077436314359826
Naknek,2005,2744622,0.6742728641421869,1.51,2.95e-7,-0.026063645857813178
Naknek,2006,1953228,0.9212593763596084,1.51,2.95e-7,-0.012538363640391625
Naknek,2007,2945304,0.45344502896292077,1.51,2.95e-7,-0.1876902910370793
Naknek,2008,2472690,0.27881137605014794,1.51,2.95e-7,-0.5017450739498521
Naknek,2009,1169466,0.4933258148291821,1.51,2.95e-7,-0.6716817151708179
Naknek,2010,1463928,1.6232337910329342,1.51,2.95e-7,0.5450925510329341
Naknek,2011,1177074,1.4639687353392208,1.51,2.95e-7,0.3012055653392207
Naknek,2012,900312,1.7955163862845585,1.51,2.95e-7,0.5511084262845585
Naknek,2013,938160,1.9369724813522202,1.51,2.95e-7,0.7037296813522202
Naknek,2014,1474428,1.486526307845577,1.51,2.95e-7,0.41148256784557713
Naknek,2015,1920954,1.9230692216875445,1.51,2.95e-7,0.9797506516875444
Naknek,2016,1691910,NA,1.51,2.95e-7,NA
Naknek,2017,1899972,NA,1.51,2.95e-7,NA
Naknek,2018,2221152,NA,1.51,2.95e-7,NA
Naknek,2019,2911470,NA,1.51,2.95e-7,NA
Naknek,2020,4112160,NA,1.51,2.95e-7,NA
Naknek,2021,2796534,NA,1.51,2.95e-7,NA
Naknek,2022,1921296,NA,1.51,2.95e-7,NA
Naknek,2023,1156206,NA,1.51,2.95e-7,NA
Ugashik,1955,NA,NA,1.33,2.38e-7,NA
Ugashik,1956,NA,NA,1.33,2.38e-7,NA
Ugashik,1957,NA,NA,1.33,2.38e-7,NA
Ugashik,1958,NA,NA,1.33,2.38e-7,NA
Ugashik,1959,NA,NA,1.33,2.38e-7,NA
Ugashik,1960,NA,NA,1.33,2.38e-7,NA
Ugashik,1961,NA,NA,1.33,2.38e-7,NA
Ugashik,1962,NA,NA,1.33,2.38e-7,NA
Ugashik,1963,388254,-1.0732589873329714,1.33,2.38e-7,-2.3108545353329717
Ugashik,1964,472770,-0.5428110639917919,1.33,2.38e-7,-1.7602918039917919
Ugashik,1965,996612,-0.9306678146906433,1.33,2.38e-7,-2.023474158690643
Ugashik,1966,704436,1.22089244314872,1.33,2.38e-7,0.058548211148719886
Ugashik,1967,238830,-0.036148307919404515,1.33,2.38e-7,-1.3093067679194046
Ugashik,1968,70896,-0.45260253431415676,1.33,2.38e-7,-1.7657292863141567
Ugashik,1969,160380,-0.5861853726831587,1.33,2.38e-7,-1.8780149326831588
Ugashik,1970,735024,-0.7257900058631563,1.33,2.38e-7,-1.8808542938631565
Ugashik,1971,529752,0.5689952692689305,1.33,2.38e-7,-0.6349237547310697
Ugashik,1972,79428,1.246165327198891,1.33,2.38e-7,-0.06493080880110891
Ugashik,1973,38988,0.9647362197466554,1.33,2.38e-7,-0.35598463625334476
Ugashik,1974,61854,2.505783363981859,1.33,2.38e-7,1.1905046159818589
Ugashik,1975,429336,2.262783542042233,1.33,2.38e-7,1.034965510042233
Ugashik,1976,356308,2.789995032008094,1.33,2.38e-7,1.544796336008094
Ugashik,1977,201520,2.6502906403064768,1.33,2.38e-7,1.3682524003064767
Ugashik,1978,82435,2.673429219272105,1.33,2.38e-7,1.3630487492721048
Ugashik,1979,1706904,1.3341751173709886,1.33,2.38e-7,0.4104182693709886
Ugashik,1980,3335284,0.8827199922371143,1.33,2.38e-7,0.3465175842371142
Ugashik,1981,1327699,1.7930430729774516,1.33,2.38e-7,0.7790354349774515
Ugashik,1982,1185551,0.6884475180873507,1.33,2.38e-7,-0.3593913439126494
Ugashik,1983,1001364,0.5804165804920336,1.33,2.38e-7,-0.5112587875079666
Ugashik,1984,1270318,1.47089049673918,1.33,2.38e-7,0.44322618073917996
Ugashik,1985,1006407,1.0317203431927042,1.33,2.38e-7,-0.05875479080729584
Ugashik,1986,1015582,1.950617396329798,1.33,2.38e-7,0.8623259123297979
Ugashik,1987,686894,2.344692195599784,1.33,2.38e-7,1.178172967599784
Ugashik,1988,654412,2.1368509021770024,1.33,2.38e-7,0.9626009581770023
Ugashik,1989,1713287,1.0534941491908791,1.33,2.38e-7,0.13125645519087903
Ugashik,1990,749478,1.6386719844599216,1.33,2.38e-7,0.4870477484599216
Ugashik,1991,2482016,0.9901856848550978,1.33,2.38e-7,0.2509054928550978
Ugashik,1992,2194927,0.3609491229780097,1.33,2.38e-7,-0.44665825102199036
Ugashik,1993,1413454,-0.040332974709809115,1.33,2.38e-7,-1.0339309227098092
Ugashik,1994,1095068,0.3705993380001433,1.33,2.38e-7,-0.6987744779998568
Ugashik,1995,1321108,1.4748509679475712,1.33,2.38e-7,0.4592746719475711
Ugashik,1996,692167,0.6708929718388967,1.33,2.38e-7,-0.49437128216110326
Ugashik,1997,656641,1.5275695566916736,1.33,2.38e-7,0.3538501146916735
Ugashik,1998,924853,0.2989466348577789,1.33,2.38e-7,-0.810938351142221
Ugashik,1999,1662042,0.793277333081901,1.33,2.38e-7,-0.14115667091809914
Ugashik,2000,638420,1.9201473146634294,1.33,2.38e-7,0.7420912746634294
Ugashik,2001,866368,0.9246860106326096,1.33,2.38e-7,-0.19911840536739045
Ugashik,2002,905584,1.6250855391099461,1.33,2.38e-7,0.5106145311099459
Ugashik,2003,790202,2.0875497905841938,1.33,2.38e-7,0.9456178665841937
Ugashik,2004,815104,1.7155181452817938,1.33,2.38e-7,0.5795128972817938
Ugashik,2005,799612,1.8847283549296239,1.33,2.38e-7,0.7450360109296237
Ugashik,2006,1003158,1.2212838597053997,1.33,2.38e-7,0.13003546370539953
Ugashik,2007,2599186,0.18920236660435874,1.33,2.38e-7,-0.5221913653956414
Ugashik,2008,596332,1.6686194400906778,1.33,2.38e-7,0.4805464560906776
Ugashik,2009,1364338,-0.32792621991160137,1.33,2.38e-7,-1.3332137759116014
Ugashik,2010,830886,0.9335029140295467,1.33,2.38e-7,-0.19874621797045344
Ugashik,2011,1029853,1.879523430543376,1.33,2.38e-7,0.7946284445433758
Ugashik,2012,670578,2.1775655796692566,1.33,2.38e-7,1.0071631436692565
Ugashik,2013,898110,1.8976569674845283,1.33,2.38e-7,0.7814071474845281
Ugashik,2014,640158,1.9108514349246122,1.33,2.38e-7,0.7332090389246122
Ugashik,2015,1564638,0.9741825680939739,1.33,2.38e-7,0.016566412093973804
Ugashik,2016,1635270,NA,1.33,2.38e-7,NA
Ugashik,2017,1186446,NA,1.33,2.38e-7,NA
Ugashik,2018,1167792,NA,1.33,2.38e-7,NA
Ugashik,2019,1547748,NA,1.33,2.38e-7,NA
Ugashik,2020,1745940,NA,1.33,2.38e-7,NA
Ugashik,2021,2859930,NA,1.33,2.38e-7,NA
Ugashik,2022,1436784,NA,1.33,2.38e-7,NA
Ugashik,2023,1128896,NA,1.33,2.38e-7,NA
Wood,1955,NA,NA,1.38,1.58e-7,NA
Wood,1956,NA,NA,1.38,1.58e-7,NA
Wood,1957,NA,NA,1.38,1.58e-7,NA
Wood,1958,NA,NA,1.38,1.58e-7,NA
Wood,1959,NA,NA,1.38,1.58e-7,NA
Wood,1960,NA,NA,1.38,1.58e-7,NA
Wood,1961,NA,NA,1.38,1.58e-7,NA
Wood,1962,NA,NA,1.38,1.58e-7,NA
Wood,1963,721404,0.8168741561863978,1.38,1.58e-7,-0.4491440118136022
Wood,1964,1076112,0.17888383787196394,1.38,1.58e-7,-1.031090466128036
Wood,1965,675156,1.0967595162063442,1.38,1.58e-7,-0.1765658357936557
Wood,1966,1208682,0.6393617682039232,1.38,1.58e-7,-0.5496664757960767
Wood,1967,515772,0.7149328923862288,1.38,1.58e-7,-0.5835751316137712
Wood,1968,649344,0.5753449316747474,1.38,1.58e-7,-0.7020587163252525
Wood,1969,604338,0.49341772282731583,1.38,1.58e-7,-0.7910968731726842
Wood,1970,1161964,0.8237313422531117,1.38,1.58e-7,-0.3726783457468882
Wood,1971,851202,0.5153761312210715,1.38,1.58e-7,-0.7301339527789285
Wood,1972,430602,1.1342545451993744,1.38,1.58e-7,-0.1777103388006256
Wood,1973,330474,1.4858421256586052,1.38,1.58e-7,0.15805701765860536
Wood,1974,1708836,1.2380257867451885,1.38,1.58e-7,0.12802187474518867
Wood,1975,1270116,1.5999621163454398,1.38,1.58e-7,0.4206404443454399
Wood,1976,817008,2.0877410951165967,1.38,1.58e-7,0.8368283591165968
Wood,1977,561828,1.9179382639403317,1.38,1.58e-7,0.6267070879403318
Wood,1978,2267238,0.3183749973825836,1.38,1.58e-7,-0.7034013986174164
Wood,1979,1706352,0.8898749026023456,1.38,1.58e-7,-0.22052148139765437
Wood,1980,2969040,-0.701757882091721,1.38,1.58e-7,-1.612649562091721
Wood,1981,1233318,0.5931511823025755,1.38,1.58e-7,-0.5919845736974243
Wood,1982,976470,0.7587578210177526,1.38,1.58e-7,-0.4669599189822473
Wood,1983,1360968,0.8938006582824893,1.38,1.58e-7,-0.2711663977175105
Wood,1984,1002792,0.7941884013440663,1.38,1.58e-7,-0.4273704626559336
Wood,1985,939000,1.2581240942331873,1.38,1.58e-7,0.026486094233187485
Wood,1986,818652,1.6295230393746472,1.38,1.58e-7,0.37887005537464735
Wood,1987,1337172,0.7734342876535898,1.38,1.58e-7,-0.39529253634641015
Wood,1988,866778,1.5239702640639208,1.38,1.58e-7,0.28092118806392086
Wood,1989,1186410,1.4595413236524197,1.38,1.58e-7,0.26699410365241993
Wood,1990,1069440,1.20141061257331,1.38,1.58e-7,-0.009617867426690019
Wood,1991,1159920,1.6616191327277237,1.38,1.58e-7,0.46488649272772387
Wood,1992,1286250,1.2610027777311763,1.38,1.58e-7,0.08423027773117653
Wood,1993,1176126,1.021749891790805,1.38,1.58e-7,-0.17242220020919485
Wood,1994,1471890,1.3862549331435747,1.38,1.58e-7,0.23881355314357489
Wood,1995,1482162,1.6663408581391432,1.38,1.58e-7,0.5205224541391433
Wood,1996,1649598,1.5183561199204647,1.38,1.58e-7,0.39899260392046476
Wood,1997,1512396,-0.2007500059519879,1.38,1.58e-7,-1.3417914379519877
Wood,1998,1755768,1.3638155603963475,1.38,1.58e-7,0.26122690439634755
Wood,1999,1512426,1.3128133380410436,1.38,1.58e-7,0.1717766460410437
Wood,2000,1300026,1.7170876840303693,1.38,1.58e-7,0.5424917920303693
Wood,2001,1458732,1.7400954324781877,1.38,1.58e-7,0.5905750884781877
Wood,2002,1283682,1.8795679552643192,1.38,1.58e-7,0.7023897112643194
Wood,2003,1459782,1.7427869124446194,1.38,1.58e-7,0.5934324684446195
Wood,2004,1543392,1.6536855558830292,1.38,1.58e-7,0.5175414918830294
Wood,2005,1496550,1.5017566483149962,1.38,1.58e-7,0.35821154831499635
Wood,2006,4008102,0.6954873663410344,1.38,1.58e-7,-0.051232517658965526
Wood,2007,1528086,0.6148714189289614,1.38,1.58e-7,-0.5236909930710386
Wood,2008,1724676,0.6246927000482649,1.38,1.58e-7,-0.48280849195173503
Wood,2009,1319232,1.0369804566116776,1.38,1.58e-7,-0.1345808873883223
Wood,2010,1804344,1.3737176226425902,1.38,1.58e-7,0.2788039746425903
Wood,2011,1098006,1.6380846728408751,1.38,1.58e-7,0.43156962084087525
Wood,2012,764211,1.806942309330931,1.38,1.58e-7,0.5476876473309311
Wood,2013,1183348,2.3463958207585707,1.38,1.58e-7,1.1533648047585707
Wood,2014,2764614,2.184252689555859,1.38,1.58e-7,1.2410617015558592
Wood,2015,1941474,1.676145468687197,1.38,1.58e-7,0.6028983606871972
Wood,2016,1309707,NA,1.38,1.58e-7,NA
Wood,2017,4274224,NA,1.38,1.58e-7,NA
Wood,2018,7507254,NA,1.38,1.58e-7,NA
Wood,2019,2073276,NA,1.38,1.58e-7,NA
Wood,2020,2243886,NA,1.38,1.58e-7,NA
Wood,2021,4410156,NA,1.38,1.58e-7,NA
Wood,2022,3747612,NA,1.38,1.58e-7,NA
Wood,2023,2648616,NA,1.38,1.58e-7,NA
Bonneville,1985,90540.23126,0.6082395902058165,0.78,4.39e-6,0.2257112054372165
Bonneville,1987,47820.75443,0.19510171635428178,0.78,4.39e-6,-0.37496517169801824
Bonneville,1987,43800.72532,0.9824637268854577,0.78,4.39e-6,0.39474891104025767
Bonneville,1988,87440.31936,-0.09251126710445813,0.78,4.39e-6,-0.4886482651140581
Bonneville,1989,76841.34704,-0.6068389757743726,0.78,4.39e-6,-1.0495054622687727
Bonneville,1990,80861.59188,-0.48913125505823063,0.78,4.39e-6,-0.9141488667050306
Bonneville,1991,2607.346085,3.3787094656253016,0.78,4.39e-6,2.6101557149384513
Bonneville,1992,9610.505869,2.179700272962823,0.78,4.39e-6,1.441890393727733
Bonneville,1993,33689.41524,0.8670654628384051,0.78,4.39e-6,0.23496199574200516
Bonneville,1994,50983.73335,-1.391638420064162,0.78,4.39e-6,-1.9478198306576622
Bonneville,1995,3318.723635,0.9722125410235867,0.78,4.39e-6,0.20678173778123665
Bonneville,1996,19021.2086,0.4633463673104795,0.78,4.39e-6,-0.23315052693552052
Bonneville,1997,113163.1172,-0.8785124928988304,0.78,4.39e-6,-1.1617264083908303
Bonneville,1998,126825.0852,-2.261229318196106,0.78,4.39e-6,-2.484467194168106
Bonneville,1999,32803.88358,-0.6070319397774715,0.78,4.39e-6,-1.2430228908612715
Bonneville,2000,16963.18464,1.7058245454078884,0.78,4.39e-6,1.0002929259774884
Bonneville,2001,136514.5354,-0.17207304483397873,0.78,4.39e-6,-0.3527742344279788
Bonneville,2002,80051.43408,-0.478476927772546,0.78,4.39e-6,-0.9070511321613459
Bonneville,2003,30478.41744,0.25397667680472785,0.78,4.39e-6,-0.3922230706336722
Bonneville,2004,16643.54052,2.002525230410468,0.78,4.39e-6,1.2955903732932679
Bonneville,2005,217244.1267,-1.090959627081815,0.78,4.39e-6,-0.9172579108688149
Bonneville,2006,179140.2498,-1.5754689101110613,0.78,4.39e-6,-1.5690432134890613
Bonneville,2007,405877.258,-2.812451752013317,0.78,4.39e-6,-1.8106505893933171
Bonneville,2008,142250.6633,0.4065471421716774,0.78,4.39e-6,0.2510275540586774
Bonneville,2009,565792.9768,-1.1574395723798707,0.78,4.39e-6,0.546391595772129
Bonneville,2010,132064.2273,1.073908174284761,0.78,4.39e-6,0.8736701321317609
Bonneville,2011,580958.0044,-1.1400291750332947,0.78,4.39e-6,0.6303764642827054
Bonneville,2012,605785.0023,-0.1610522977708889,0.78,4.39e-6,1.7183438623261118
Bonneville,2013,335075.6327,-0.5912744397346251,0.78,4.39e-6,0.09970758781837497
Bonneville,2014,51655.41209,2.475691442598384,0.78,4.39e-6,1.922458701673484
Bonneville,2015,202563.6374,0.9247399862218811,0.78,4.39e-6,1.0339943544078811
Bonneville,2016,26940.22253,2.5426453871132004,0.78,4.39e-6,1.8809129640199003
Bonneville,2017,393689.2415,-1.5017197922989758,0.78,4.39e-6,-0.5534240221139757
Bonneville,2018,NA,NA,0.78,4.39e-6,NA
Bonneville,2019,NA,NA,0.78,4.39e-6,NA
Bonneville,2020,NA,NA,0.78,4.39e-6,NA
Bonneville,2021,NA,NA,0.78,4.39e-6,NA
Bonneville,2022,NA,NA,0.78,4.39e-6,NA
Bonneville,2023,NA,NA,0.78,4.39e-6,NA
Chilko,1948,671025,1.0625858920163684,1.76,1.33e-6,0.19504914201636836
Chilko,1949,58310,2.3679973319688554,1.76,1.33e-6,0.6855496319688554
Chilko,1950,26447,2.0474818086907436,1.76,1.33e-6,0.3226563186907436
Chilko,1951,118110,1.8448810943044147,1.76,1.33e-6,0.24196739430441472
Chilko,1952,490065,1.3329126981819412,1.76,1.33e-6,0.22469914818194137
Chilko,1953,201245,1.1201400967650266,1.76,1.33e-6,-0.3722040532349735
Chilko,1954,37743,2.9343311302289607,1.76,1.33e-6,1.2245293202289607
Chilko,1955,132146,2.437216367866027,1.76,1.33e-6,0.8529705478660268
Chilko,1956,647768,1.3244137512952898,1.76,1.33e-6,0.42594519129528974
Chilko,1957,140765,-0.018643210169162646,1.76,1.33e-6,-1.5914257601691626
Chilko,1958,137081,1.1470662493408117,1.76,1.33e-6,-0.43061602065918825
Chilko,1959,471162,1.5461388473763082,1.76,1.33e-6,0.4127843073763082
Chilko,1960,426607,0.9028608059916656,1.76,1.33e-6,-0.2897518840083344
Chilko,1961,40315,0.5380203743874574,1.76,1.33e-6,-1.1683606756125426
Chilko,1962,92467,2.366360212732388,1.76,1.33e-6,0.7293413227323879
Chilko,1963,1002252,0.18201353624927666,1.76,1.33e-6,-0.24499130375072328
Chilko,1964,238601,2.1452940576878925,1.76,1.33e-6,0.7026333876878925
Chilko,1965,39902,1.3708506725408651,1.76,1.33e-6,-0.33607966745913487
Chilko,1966,226702,1.3650211247286244,1.76,1.33e-6,-0.09346521527137552
Chilko,1967,176337,2.428210479096174,1.76,1.33e-6,0.9027386890961737
Chilko,1968,414446,1.7870372286570768,1.76,1.33e-6,0.5782504086570768
Chilko,1969,76518,1.6590877598178233,1.76,1.33e-6,8.566998178232144e-4
Chilko,1970,145049,1.558217548998206,1.76,1.33e-6,-0.008867281001794014
Chilko,1971,186589,1.504041071479065,1.76,1.33e-6,-0.007795558520934831
Chilko,1972,564465,1.3177422334391193,1.76,1.33e-6,0.30848068343911916
Chilko,1973,61707,1.3805084553983333,1.76,1.33e-6,-0.2974212346016667
Chilko,1974,142595,1.603356129624758,1.76,1.33e-6,0.03300747962475792
Chilko,1975,275698,1.6895086325297528,1.76,1.33e-6,0.2961869725297528
Chilko,1976,387467,1.4780343528190003,1.76,1.33e-6,0.23336546281900028
Chilko,1977,56782,1.255089971055705,1.76,1.33e-6,-0.42938996894429504
Chilko,1978,159174,2.0729733208408425,1.76,1.33e-6,0.5246747408408425
Chilko,1979,272694,1.8418118371300272,1.76,1.33e-6,0.4444948571300271
Chilko,1980,498826,2.186493025596913,1.76,1.33e-6,1.089931605596913
Chilko,1981,36149,1.7391923675754966,1.76,1.33e-6,0.027270537575496467
Chilko,1982,253551,1.8415906150463082,1.76,1.33e-6,0.41881344504630813
Chilko,1983,386571,1.6992571600346578,1.76,1.33e-6,0.4533965900346577
Chilko,1984,580664,0.14966150991916632,1.76,1.33e-6,-0.8380553700808338
Chilko,1985,88120,1.8693987182617673,1.76,1.33e-6,0.22659831826176724
Chilko,1986,323971,2.695738857714357,1.76,1.33e-6,1.366620287714357
Chilko,1987,430492,2.328960125803656,1.76,1.33e-6,1.1415144858036559
Chilko,1988,365790,2.198272899047461,1.76,1.33e-6,0.924773599047461
Chilko,1989,78647,3.6797758122854085,1.76,1.33e-6,2.0243763222854083
Chilko,1990,833313,1.146996284263276,1.76,1.33e-6,0.49530257426327595
Chilko,1991,1039624,0.2846812990548412,1.76,1.33e-6,-0.09261878094515896
Chilko,1992,515663,1.2859569049736903,1.76,1.33e-6,0.21178869497369024
Chilko,1993,561865,1.9536622691849912,1.76,1.33e-6,0.9409427191849913
Chilko,1994,452239,1.1440626074274047,1.76,1.33e-6,-0.014459522572595418
Chilko,1995,547755,0.84432418053238,1.76,1.33e-6,-0.18716166946762014
Chilko,1996,989422,0.3209752557453194,1.76,1.33e-6,-0.1230934842546807
Chilko,1997,993254,-0.1153840877045078,1.76,1.33e-6,-0.5543562677045077
Chilko,1998,880944,-0.4961772959188344,1.76,1.33e-6,-1.0845217759188344
Chilko,1999,891922,0.5658273024130158,1.76,1.33e-6,-0.007916437586984237
Chilko,2000,759163,-0.4139531009722381,1.76,1.33e-6,-1.1642663109722382
Chilko,2001,669920,0.5478404278923948,1.76,1.33e-6,-0.3211659721076052
Chilko,2002,385042,1.1689390739762908,1.76,1.33e-6,-0.07895506602370927
Chilko,2003,612239,-0.46476290192671077,1.76,1.33e-6,-1.4104850319267108
Chilko,2004,92143,1.5351153678026916,1.76,1.33e-6,-0.10233444219730847
Chilko,2005,540481,-0.4710925117382902,1.76,1.33e-6,-1.5122527817382903
Chilko,2006,469504,2.3642183310101617,1.76,1.33e-6,1.2286586510101616
Chilko,2007,306707,1.3814678764869184,1.76,1.33e-6,0.029388186486918322
Chilko,2008,250583,0.8280740923718962,1.76,1.33e-6,-0.5986505176281037
Chilko,2009,217778,2.141611066380755,1.76,1.33e-6,0.6712558063807548
Chilko,2010,2462975,0.12822301939690678,1.76,1.33e-6,1.6439797693969065
Chilko,2011,919254,0.05591266735827084,1.76,1.33e-6,-0.4814795126417293
Chilko,2012,246605,-0.05879872140903118,1.76,1.33e-6,-1.490814071409031
Chilko,2013,1235222,-0.9481073842373041,1.76,1.33e-6,-1.0652621242373042
Chilko,2014,1034250,0.4641434899455911,1.76,1.33e-6,0.07969598994559107
Chilko,2015,662707,-1.1295628697048672,1.76,1.33e-6,-2.0081625597048673
Chilko,2016,155687,-1.3830047051699252,1.76,1.33e-6,-2.9359409951699256
Chilko,2017,372212,1.1264035806915498,1.76,1.33e-6,-0.13855445930845023
Chilko,2018,619623,1.0184168330865404,1.76,1.33e-6,0.08251542308654036
Chilko,2019,169877,0.9676696139385922,1.76,1.33e-6,-0.5663939760614077
Late Stuart,1948,1049,-1.1656324374990439,NA,NA,NA
Late Stuart,1949,107752,2.653322741519074,NA,NA,NA
Late Stuart,1950,5843,1.91562812013972,NA,NA,NA
Late Stuart,1951,4402,2.6738509347759853,NA,NA,NA
Late Stuart,1952,1975,0.6989530784793768,NA,NA,NA
Late Stuart,1953,369023,1.436594711011175,NA,NA,NA
Late Stuart,1954,5470,3.227721413367109,NA,NA,NA
Late Stuart,1955,7618,1.908053692593846,NA,NA,NA
Late Stuart,1956,1454,3.456537953898158,NA,NA,NA
Late Stuart,1957,531130,0.9178401869965475,NA,NA,NA
Late Stuart,1958,23638,0.8385875590934248,NA,NA,NA
Late Stuart,1959,8225,-0.10677996231205254,NA,NA,NA
Late Stuart,1960,2961,1.1780053166108904,NA,NA,NA
Late Stuart,1961,411105,0.6384920750806521,NA,NA,NA
Late Stuart,1962,18689,0.8802595332602308,NA,NA,NA
Late Stuart,1963,3237,1.3143346939970322,NA,NA,NA
Late Stuart,1964,1900,0.4898707539459171,NA,NA,NA
Late Stuart,1965,214958,1.654668007447643,NA,NA,NA
Late Stuart,1966,9032,2.1043582644793655,NA,NA,NA
Late Stuart,1967,1642,2.3108335628562493,NA,NA,NA
Late Stuart,1968,470,4.198608732431975,NA,NA,NA
Late Stuart,1969,207057,2.060598768851436,NA,NA,NA
Late Stuart,1970,15055,1.548685417945459,NA,NA,NA
Late Stuart,1971,1535,3.772723496830617,NA,NA,NA
Late Stuart,1972,8704,0.7682640317542712,NA,NA,NA
Late Stuart,1973,214343,1.1338592712213236,NA,NA,NA
Late Stuart,1974,14627,1.2433723067607503,NA,NA,NA
Late Stuart,1975,14229,2.7158952819512154,NA,NA,NA
Late Stuart,1976,3000,0.10705907229340778,NA,NA,NA
Late Stuart,1977,146629,2.225671981200528,NA,NA,NA
Late Stuart,1978,13027,1.8080660059571556,NA,NA,NA
Late Stuart,1979,31918,-1.5383376905245776,NA,NA,NA
Late Stuart,1980,979,3.086481972654228,NA,NA,NA
Late Stuart,1981,249699,2.0974547103856445,NA,NA,NA
Late Stuart,1982,16758,1.291817763852339,NA,NA,NA
Late Stuart,1983,2246,2.078104940901656,NA,NA,NA
Late Stuart,1984,1228,2.485449390642571,NA,NA,NA
Late Stuart,1985,274642,2.5472271582491204,NA,NA,NA
Late Stuart,1986,28715,3.3476819844279833,NA,NA,NA
Late Stuart,1987,6524,4.0648703926141145,NA,NA,NA
Late Stuart,1988,11459,2.9025343565078043,NA,NA,NA
Late Stuart,1989,575791,2.2248220366595914,NA,NA,NA
Late Stuart,1990,190060,0.7182401000576205,NA,NA,NA
Late Stuart,1991,77322,0.3486854812871957,NA,NA,NA
Late Stuart,1992,23892,1.7346823000564697,NA,NA,NA
Late Stuart,1993,1805142,0.7349109731121574,NA,NA,NA
Late Stuart,1994,76715,0.40865365806844633,NA,NA,NA
Late Stuart,1995,34362,1.356805546534502,NA,NA,NA
Late Stuart,1996,65898,2.7423866739173626,NA,NA,NA
Late Stuart,1997,907652,-0.7449966042924079,NA,NA,NA
Late Stuart,1998,139421,0.6874647749254621,NA,NA,NA
Late Stuart,1999,62120,0.7659469199240171,NA,NA,NA
Late Stuart,2000,454478,0.6984862965238664,NA,NA,NA
Late Stuart,2001,351881,0.3619443563804951,NA,NA,NA
Late Stuart,2002,34521,1.2943330474803023,NA,NA,NA
Late Stuart,2003,38474,-0.5688528394177703,NA,NA,NA
Late Stuart,2004,83447,1.218326377694182,NA,NA,NA
Late Stuart,2005,293144,-0.8235684171354717,NA,NA,NA
Late Stuart,2006,27515,1.7784788672082035,NA,NA,NA
Late Stuart,2007,8707,0.3512277240342159,NA,NA,NA
Late Stuart,2008,146658,0.2861108596079742,NA,NA,NA
Late Stuart,2009,87001,1.0692114414839486,NA,NA,NA
Late Stuart,2010,75289,1.421457585173061,NA,NA,NA
Late Stuart,2011,4053,0.17952135730322025,NA,NA,NA
Late Stuart,2012,93159,-0.9488184923364319,NA,NA,NA
Late Stuart,2013,132603,0.572681027736563,NA,NA,NA
Late Stuart,2014,50691,1.8444396218061905,NA,NA,NA
Late Stuart,2015,11124,-0.645230670633199,NA,NA,NA
Late Stuart,2016,10066,0.13292272341743494,NA,NA,NA
Late Stuart,2017,147470,1.2023589714355698,NA,NA,NA
Late Stuart,2018,112189,0.7339345899863368,NA,NA,NA
Late Stuart,2019,5861,1.5638842726809117,NA,NA,NA
Quesnel,1948,100,1.8213182714695995,0.99,2.09e-7,0.8313391714695995
Quesnel,1949,30664,2.763896771287626,0.99,2.09e-7,1.7803055472876261
Quesnel,1950,398,1.6381669808749608,0.99,2.09e-7,0.6482501628749608
Quesnel,1951,49,2.1316272948504063,0.99,2.09e-7,1.1416375358504063
Quesnel,1952,7017,-2.5245892053585974,0.99,2.09e-7,-3.5131226523585974
Quesnel,1953,110927,1.7049881885731109,0.99,2.09e-7,0.7381719315731109
Quesnel,1954,299,3.5768075038681233,0.99,2.09e-7,2.586869994868123
Quesnel,1955,63,1.0498221244986776,0.99,2.09e-7,0.05983529149867761
Quesnel,1956,2669,-0.8568348883765179,0.99,2.09e-7,-1.8462770673765179
Quesnel,1957,223667,1.4971298312882486,0.99,2.09e-7,0.5538762342882486
Quesnel,1958,1863,0.6051105380099813,0.99,2.09e-7,-0.3845000949900187
Quesnel,1959,76,0.7752121336142496,0.99,2.09e-7,-0.21477198238575046
Quesnel,1960,3057,-0.7287760531169143,0.99,2.09e-7,-1.7181371401169143
Quesnel,1961,302563,1.4112946228313328,0.99,2.09e-7,0.48453028983133284
Quesnel,1962,1078,1.9109844662013398,0.99,2.09e-7,0.9212097682013398
Quesnel,1963,86,2.4084106167978936,0.99,2.09e-7,1.4184285907978937
Quesnel,1964,15839,-1.7285792791318648,0.99,2.09e-7,-2.7152689281318647
Quesnel,1965,364714,1.5197705719985208,0.99,2.09e-7,0.6059957979985209
Quesnel,1966,1753,1.4484948688598687,0.99,2.09e-7,0.45886124585986865
Quesnel,1967,119,2.6945136153846767,0.99,2.09e-7,1.7045384863846769
Quesnel,1968,5763,-2.6000902558548695,0.99,2.09e-7,-3.5888857888548698
Quesnel,1969,273134,1.7929961919975834,0.99,2.09e-7,0.8600811979975834
Quesnel,1970,1373,2.6955420984175245,0.99,2.09e-7,1.7058290554175244
Quesnel,1971,171,1.4744016286301573,0.99,2.09e-7,0.4844373676301573
Quesnel,1972,3488,-1.3943542780969909,0.99,2.09e-7,-2.383625286096991
Quesnel,1973,278061,2.128540600281916,0.99,2.09e-7,1.1966553492819159
Quesnel,1974,4459,1.9398365728549565,0.99,2.09e-7,0.9507685038549565
Quesnel,1975,201,2.2277114240188403,0.99,2.09e-7,1.2377534330188402
Quesnel,1976,2197,-0.5776425692202659,0.99,2.09e-7,-1.567183396220266
Quesnel,1977,516223,2.016670589545423,0.99,2.09e-7,1.1345611965454232
Quesnel,1978,8614,3.128412944538186,0.99,2.09e-7,2.1402132705381858
Quesnel,1979,511,2.4649768128354577,0.99,2.09e-7,1.4750836118354576
Quesnel,1980,3176,-0.2611685061199087,0.99,2.09e-7,-1.2505047221199086
Quesnel,1981,748652,2.570500439366135,0.99,2.09e-7,1.736968707366135
Quesnel,1982,39841,2.6350476809793393,0.99,2.09e-7,1.6533744499793392
Quesnel,1983,2155,2.9313360470097747,0.99,2.09e-7,1.9417864420097746
Quesnel,1984,6186,0.11688454685400294,0.99,2.09e-7,-0.871822579145997
Quesnel,1985,1349263,2.2297827135992194,0.99,2.09e-7,1.5217786805992195
Quesnel,1986,181473,2.6359674896789893,0.99,2.09e-7,1.6838953466789892
Quesnel,1987,20559,2.150543185758732,0.99,2.09e-7,1.1648400167587318
Quesnel,1988,27034,-0.025930709484781225,0.99,2.09e-7,-1.010280603484781
Quesnel,1989,1870685,1.7384515150391262,0.99,2.09e-7,1.1394246800391263
Quesnel,1990,487651,1.9071060288424762,0.99,2.09e-7,1.019025087842476
Quesnel,1991,46259,1.18418206653732,0.99,2.09e-7,0.20385019753731992
Quesnel,1992,8901,1.1884844164518245,0.99,2.09e-7,0.20034472545182447
Quesnel,1993,2620757,0.9609372582293246,0.99,2.09e-7,0.5186754712293247
Quesnel,1994,659505,1.3233506131742725,0.99,2.09e-7,0.4711871581742725
Quesnel,1995,216110,-0.2559630662473729,0.99,2.09e-7,-1.2007960762473728
Quesnel,1996,42499,0.757966551217691,0.99,2.09e-7,-0.22315115778230898
Quesnel,1997,1858809,0.9260877056793773,0.99,2.09e-7,0.32457878667937723
Quesnel,1998,1179252,1.3911304248772274,0.99,2.09e-7,0.6475940928772274
Quesnel,1999,189360,1.4541074776821639,0.99,2.09e-7,0.5036837176821639
Quesnel,2000,63782,-0.1700116953813494,0.99,2.09e-7,-1.1466812573813494
Quesnel,2001,3510976,0.05271061308259309,0.99,2.09e-7,-0.20349540291740684
Quesnel,2002,2985212,-1.5395438919268234,0.99,2.09e-7,-1.9056345839268234
Quesnel,2003,278990,-0.6622241213893708,0.99,2.09e-7,-1.5939152113893709
Quesnel,2004,10264,0.1408119179157434,0.99,2.09e-7,-0.8470429060842566
Quesnel,2005,1436789,-1.889711239792698,0.99,2.09e-7,-2.579422338792698
Quesnel,2006,169127,1.3123137316742197,0.99,2.09e-7,0.3576612746742197
Quesnel,2007,74715,0.0679456794591855,0.99,2.09e-7,-0.9064388855408145
Quesnel,2008,7091,0.019965759208046666,0.99,2.09e-7,-0.9685522217919533
Quesnel,2009,149467,0.7615921779674895,0.99,2.09e-7,-0.1971692190325105
Quesnel,2010,246584,2.328062762725282,0.99,2.09e-7,1.3895988187252821
Quesnel,2011,45433,-0.09245071464818479,0.99,2.09e-7,-1.072955217648185
Quesnel,2012,624,-0.21755024867769843,0.99,2.09e-7,-1.2074198326776984
Quesnel,2013,179081,-0.1594546924708648,0.99,2.09e-7,-1.1120267634708647
Quesnel,2014,832344,0.959351675934009,0.99,2.09e-7,0.143311571934009
Quesnel,2015,45357,-1.967055035333627,0.99,2.09e-7,-2.947575422333627
Quesnel,2016,1081,-0.05221879190849346,0.99,2.09e-7,-1.0419928629084936
Quesnel,2017,114581,0.054673824725209375,0.99,2.09e-7,-0.9113787462747907
Quesnel,2018,817811,0.6583425170567789,0.99,2.09e-7,-0.16073498394322105
Quesnel,2019,21632,0.7100159340577077,0.99,2.09e-7,-0.27546297794229235
Raft,1948,10359,1.810613969477418,1.49,3.36e-5,0.668676369477418
Raft,1949,6113,1.869067817425479,1.49,3.36e-5,0.5844646174254788
Raft,1950,6404,1.9620195432776364,1.49,3.36e-5,0.6871939432776364
Raft,1951,8561,1.7167285814346234,1.49,3.36e-5,0.5143781814346233
Raft,1952,15617,1.18702784322717,1.49,3.36e-5,0.22175904322716988
Raft,1953,7909,1.4016020627889356,1.49,3.36e-5,0.17734446278893556
Raft,1954,9995,1.619650716329575,1.49,3.36e-5,0.46548271632957494
Raft,1955,5081,2.4774988426891587,1.49,3.36e-5,1.1582204426891587
Raft,1956,9037,1.0996813934869043,1.49,3.36e-5,-0.08667540651309569
Raft,1957,6881,1.1164724782367372,1.49,3.36e-5,-0.14232592176326286
Raft,1958,10215,0.8178351307279397,1.49,3.36e-5,-0.32894086927206034
Raft,1959,10210,0.8384721243083438,1.49,3.36e-5,-0.30847187569165613
Raft,1960,5553,1.1158115105048427,1.49,3.36e-5,-0.18760768949515727
Raft,1961,7301,1.20349330299812,1.49,3.36e-5,-0.0411930970018799
Raft,1962,7613,1.6726538070208075,1.49,3.36e-5,0.4384506070208074
Raft,1963,8724,0.11803772837100175,1.49,3.36e-5,-1.0788358716289983
Raft,1964,5201,2.237320807046777,1.49,3.36e-5,0.922074407046777
Raft,1965,6624,1.1358529988109187,1.49,3.36e-5,-0.13158060118908121
Raft,1966,6250,1.3260771562978797,1.49,3.36e-5,0.04607715629787967
Raft,1967,1303,2.003117289308642,1.49,3.36e-5,0.5568980893086419
Raft,1968,8121,2.572724081721048,1.49,3.36e-5,1.3555896817210482
Raft,1969,5593,0.9436268842514826,1.49,3.36e-5,-0.35844831574851743
Raft,1970,4474,0.6832639015490517,1.49,3.36e-5,-0.6564096984509483
Raft,1971,840,2.688899742050464,1.49,3.36e-5,1.227123742050464
Raft,1972,11151,1.645822851509032,1.49,3.36e-5,0.530496451509032
Raft,1973,2729,1.2326168806634061,1.49,3.36e-5,-0.1656887193365939
Raft,1974,2396,1.6295187425419229,1.49,3.36e-5,0.22002434254192282
Raft,1975,2664,0.9246639865371518,1.49,3.36e-5,-0.47582561346284824
Raft,1976,8684,0.8305431596066192,1.49,3.36e-5,-0.3676744403933808
Raft,1977,648,2.3711663571485757,1.49,3.36e-5,0.9029391571485756
Raft,1978,2500,2.0147963481863047,1.49,3.36e-5,0.6087963481863048
Raft,1979,1780,0.5349151496306622,1.49,3.36e-5,-0.8952768503693377
Raft,1980,5418,2.2561758131989205,1.49,3.36e-5,0.9482206131989204
Raft,1981,873,2.292106558519282,1.49,3.36e-5,0.8314393585192819
Raft,1982,2992,0.23113294134768858,1.49,3.36e-5,-1.1583358586523114
Raft,1983,2857,0.6731730299790593,1.49,3.36e-5,-0.7208317700209408
Raft,1984,19098,0.9019035121456522,1.49,3.36e-5,0.05359631214565219
Raft,1985,3638,0.21994989186278166,1.49,3.36e-5,-1.1478133081372184
Raft,1986,2126,0.34869398022840803,1.49,3.36e-5,-1.0698724197715919
Raft,1987,1512,0.9268171448611425,1.49,3.36e-5,-0.5123796551388574
Raft,1988,19857,0.9331196726513888,1.49,3.36e-5,0.11031487265138884
Raft,1989,1647,1.9257587750316059,1.49,3.36e-5,0.4910979750316058
Raft,1990,630,1.3957731050744344,1.49,3.36e-5,-0.0730588949255655
Raft,1991,464,1.1469918595244442,1.49,3.36e-5,-0.32741774047555583
Raft,1992,8242,2.1006747176394676,1.49,3.36e-5,0.8876059176394675
Raft,1993,5047,1.8956725340298972,1.49,3.36e-5,0.5752517340298973
Raft,1994,1712,2.811258870488341,1.49,3.36e-5,1.3787820704883411
Raft,1995,1046,3.260813831214766,1.49,3.36e-5,1.8059594312147662
Raft,1996,46615,0.8818482874755362,1.49,3.36e-5,0.9581122874755361
Raft,1997,6093,2.1298481801795366,1.49,3.36e-5,0.8445729801795365
Raft,1998,7229,0.8092534604220946,1.49,3.36e-5,-0.4378521395779055
Raft,1999,6979,2.170407868734688,1.49,3.36e-5,0.9149022687346882
Raft,2000,66292,0.5543004651668985,1.49,3.36e-5,1.2917116651668983
Raft,2001,32506,1.0901370071332777,1.49,3.36e-5,0.6923386071332776
Raft,2002,18461,0.8416484347472843,1.49,3.36e-5,-0.02806196525271576
Raft,2003,10093,-0.17472146099020855,1.49,3.36e-5,-1.3255966609902086
Raft,2004,5611,2.2292993428043415,1.49,3.36e-5,0.9278289428043416
Raft,2005,26501,-0.9980707313208502,1.49,3.36e-5,-1.5976371313208504
Raft,2006,6073,1.0987220581523034,1.49,3.36e-5,-0.18722514184769667
Raft,2007,14357,-0.25315693899821223,1.49,3.36e-5,-1.2607617389982122
Raft,2008,10406,0.6229935906709799,1.49,3.36e-5,-0.5173648093290201
Raft,2009,11464,1.182966906285811,1.49,3.36e-5,0.07815730628581097
Raft,2010,5119,2.1657160124613744,1.49,3.36e-5,0.8477144124613742
Raft,2011,9243,0.9447260382757919,1.49,3.36e-5,-0.23470916172420797
Raft,2012,10008,0.7594452439218752,1.49,3.36e-5,-0.3942859560781248
Raft,2013,16394,-1.1073732575550772,1.49,3.36e-5,-2.046534857555077
Raft,2014,17102,-0.36602402216418417,1.49,3.36e-5,-1.2813968221641843
Raft,2015,16054,-2.4444983449117164,1.49,3.36e-5,-3.3950839449117165
Raft,2016,8150,-0.05926818023622641,1.49,3.36e-5,-1.2754281802362264
Raft,2017,4518,-0.08496108380320459,1.49,3.36e-5,-1.4231562838032046
Raft,2018,3544,0.8969169065344662,1.49,3.36e-5,-0.47400469346553376
Raft,2019,619,2.80164549281141,1.49,3.36e-5,1.3324438928114102
Stellako,1948,16213,2.5477601107950076,1.69,4.06e-6,0.9235848907950077
Stellako,1949,104835,0.5398800390111377,1.69,4.06e-6,-0.7244898609888623
Stellako,1950,145108,1.8674617793248525,1.69,4.06e-6,0.7666002593248524
Stellako,1951,96208,1.5545911729386848,1.69,4.06e-6,0.25519565293868474
Stellako,1952,40466,1.0063707577404548,1.69,4.06e-6,-0.5193372822595452
Stellako,1953,43688,1.3833888899744973,1.69,4.06e-6,-0.1292378300255026
Stellako,1954,141882,2.144452890237522,1.69,4.06e-6,1.0304938102375223
Stellako,1955,51746,2.499048822952045,1.69,4.06e-6,1.019137582952045
Stellako,1956,38459,1.858722147409672,1.69,4.06e-6,0.32486568740967203
Stellako,1957,38921,1.361313141587603,1.69,4.06e-6,-0.17066759841239687
Stellako,1958,112273,1.1093642389758702,1.69,4.06e-6,-0.1248073810241297
Stellako,1959,79355,1.9202638608017584,1.69,4.06e-6,0.5524451608017584
Stellako,1960,38884,1.4424128180082398,1.69,4.06e-6,-0.08971814199176009
Stellako,1961,47241,1.1379013885778337,1.69,4.06e-6,-0.3603001514221662
Stellako,1962,124495,1.5550176472499309,1.69,4.06e-6,0.3704673472499309
Stellako,1963,138805,1.6571293241998493,1.69,4.06e-6,0.5306776241998492
Stellako,1964,31047,1.7453652150636942,1.69,4.06e-6,0.18141603506369441
Stellako,1965,39418,1.8215143087586867,1.69,4.06e-6,0.2915513887586867
Stellako,1966,101684,1.2639729210330983,1.69,4.06e-6,-0.01319003896690174
Stellako,1967,91525,1.7942583929363702,1.69,4.06e-6,0.47584989293637037
Stellako,1968,30420,1.4510639946022008,1.69,4.06e-6,-0.11543080539779904
Stellako,1969,49341,1.6356020211700248,1.69,4.06e-6,0.14592648117002494
Stellako,1970,45876,1.6298404428408488,1.69,4.06e-6,0.1260970028408488
Stellako,1971,39726,2.550942988248285,1.69,4.06e-6,1.022230548248285
Stellako,1972,36771,3.023614913879055,1.69,4.06e-6,1.4829051738790548
Stellako,1973,30755,1.027142887705656,1.69,4.06e-6,-0.5379918122943439
Stellako,1974,41473,1.9890498637000695,1.69,4.06e-6,0.46743024370006947
Stellako,1975,176079,2.380844581315753,1.69,4.06e-6,1.405725321315753
Stellako,1976,150741,0.48306713840524385,1.69,4.06e-6,-0.5949244015947561
Stellako,1977,23452,2.427412073663799,1.69,4.06e-6,0.832627193663799
Stellako,1978,60421,1.97952281272905,1.69,4.06e-6,0.5348320727290501
Stellako,1979,290116,0.7657477230781884,1.69,4.06e-6,0.2536186830781886
Stellako,1980,72073,2.349575858791811,1.69,4.06e-6,0.9521922387918114
Stellako,1981,22021,2.5636385603267873,1.69,4.06e-6,0.9630438203267873
Stellako,1982,69434,1.6395220459868336,1.69,4.06e-6,0.23142408598683373
Stellako,1983,121739,2.3349855884698503,1.69,4.06e-6,1.1392459284698504
Stellako,1984,60973,2.80845100193283,1.69,4.06e-6,1.3660013819328303
Stellako,1985,42296,1.1131178827578498,1.69,4.06e-6,-0.40516035724215005
Stellako,1986,77378,1.982523508675552,1.69,4.06e-6,0.6066781886755521
Stellako,1987,211111,0.7245147863306068,1.69,4.06e-6,-0.10837455366939308
Stellako,1988,367751,0.9918118606700097,1.69,4.06e-6,0.7948809206700098
Stellako,1989,43189,1.6383835065311858,1.69,4.06e-6,0.12373084653118593
Stellako,1990,93928,2.3158642197158987,1.69,4.06e-6,1.0072118997158988
Stellako,1991,94931,1.2656528681544712,1.69,4.06e-6,-0.03892727184552869
Stellako,1992,97985,2.1819082739332463,1.69,4.06e-6,0.8897273739332463
Stellako,1993,91443,1.2203531176648181,1.69,4.06e-6,-0.0983883023351817
Stellako,1994,136847,1.607468814627451,1.69,4.06e-6,0.47306763462745116
Stellako,1995,122780,0.4043187706932578,1.69,4.06e-6,-0.7871944293067421
Stellako,1996,332207,0.8937346823710376,1.69,4.06e-6,0.5524951023710377
Stellako,1997,55410,0.8149366975777904,1.69,4.06e-6,-0.6500987024222095
Stellako,1998,185697,1.234217268000065,1.69,4.06e-6,0.29814708800006495
Stellako,1999,138151,0.23335966303315725,1.69,4.06e-6,-0.8957472769668425
Stellako,2000,371604,0.6581824756200181,1.69,4.06e-6,0.47689471562001806
Stellako,2001,151482,0.6394613033561038,1.69,4.06e-6,-0.43552177664389613
Stellako,2002,322711,-0.2618174849926399,1.69,4.06e-6,-0.6416108249926399
Stellako,2003,78093,-0.46338987047072416,1.69,4.06e-6,-1.8363322904707242
Stellako,2004,86738,1.0502543675297256,1.69,4.06e-6,-0.2875893524702744
Stellako,2005,175346,-2.7152389590377664,1.69,4.06e-6,-3.6933341990377664
Stellako,2006,147194,1.2008093892170497,1.69,4.06e-6,0.10841702921704988
Stellako,2007,41481,1.1304210026194181,1.69,4.06e-6,-0.3911661373805817
Stellako,2008,159749,0.5619604695546769,1.69,4.06e-6,-0.479458590445323
Stellako,2009,27627,1.9949836890027397,1.69,4.06e-6,0.41714930900273983
Stellako,2010,202803,2.0945363802816073,1.69,4.06e-6,1.2279165602816073
Stellako,2011,85628,-0.4665807091496147,1.69,4.06e-6,-1.8089310291496146
Stellako,2012,137992,-1.0229226604942432,1.69,4.06e-6,-2.1526751404942432
Stellako,2013,110048,0.28612244599121334,1.69,4.06e-6,-0.9570826740087865
Stellako,2014,506157,-0.2536328831523124,1.69,4.06e-6,0.11136453684768749
Stellako,2015,101305,-0.3112907589402855,1.69,4.06e-6,-1.5899924589402856
Stellako,2016,30307,0.3189065692366485,1.69,4.06e-6,-1.2480470107633512
Stellako,2017,91391,0.5608764488479538,1.69,4.06e-6,-0.7580760911520461
Stellako,2018,177252,0.29197603563281394,1.69,4.06e-6,-0.678380844367186
Stellako,2019,46141,0.018445676030693425,1.69,4.06e-6,-1.4842218639693066
